Description,Scientific Name,Max Score,Total Score,Query Cover,E value,Per. ident,Acc. Len,Accession  
"Butyrivibrio sp. JL13D10 chromosome 1, complete sequence",Butyrivibrio sp. JL13D10,1271,4688,10%,0.0,83.13,3687363,"=HYPERLINK(""https://www.ncbi.nlm.nih.gov/nucleotide/CP172573.1?report=genbank&log$=nucltop&blast_rank=1&RID=12XPCVPR013"",""CP172573.1"")"
"Butyrivibrio hungatei strain MB2003 chromosome I, complete sequence",Butyrivibrio hungatei,941,1143,6%,0.0,80.73,3143784,"=HYPERLINK(""https://www.ncbi.nlm.nih.gov/nucleotide/CP017831.1?report=genbank&log$=nucltop&blast_rank=2&RID=12XPCVPR013"",""CP017831.1"")"
"Treponema rectale strain CHPA chromosome, complete genome",Treponema rectale,684,684,4%,0.0,76.74,2864011,"=HYPERLINK(""https://www.ncbi.nlm.nih.gov/nucleotide/CP031517.1?report=genbank&log$=nucltop&blast_rank=3&RID=12XPCVPR013"",""CP031517.1"")"
"Agathobacter rectalis strain VPI 0990 chromosome, complete genome",Agathobacter rectalis,562,562,4%,1e-153,75.50,3451485,"=HYPERLINK(""https://www.ncbi.nlm.nih.gov/nucleotide/CP092643.1?report=genbank&log$=nucltop&blast_rank=4&RID=12XPCVPR013"",""CP092643.1"")"
"Lachnospiraceae bacterium isolate MGYG-HGUT-02492 genome assembly, chromosome: 1",Lachnospiraceae bacterium,562,562,4%,1e-153,75.50,3449685,"=HYPERLINK(""https://www.ncbi.nlm.nih.gov/nucleotide/LR699005.1?report=genbank&log$=nucltop&blast_rank=5&RID=12XPCVPR013"",""LR699005.1"")"
Eubacterium rectale DSM 17629 draft genome,Agathobacter rectalis DSM 17629,562,562,4%,1e-153,75.50,3344951,"=HYPERLINK(""https://www.ncbi.nlm.nih.gov/nucleotide/FP929042.1?report=genbank&log$=nucltop&blast_rank=6&RID=12XPCVPR013"",""FP929042.1"")"
"Agathobacter rectalis strain DFI.5.28 chromosome, complete genome",Agathobacter rectalis,556,556,4%,5e-152,75.41,3760587,"=HYPERLINK(""https://www.ncbi.nlm.nih.gov/nucleotide/CP143947.1?report=genbank&log$=nucltop&blast_rank=7&RID=12XPCVPR013"",""CP143947.1"")"
"Agathobacter rectalis k41-0107-C12 DNA, complete genome",Agathobacter rectalis,556,556,4%,5e-152,75.41,3214923,"=HYPERLINK(""https://www.ncbi.nlm.nih.gov/nucleotide/AP031452.1?report=genbank&log$=nucltop&blast_rank=8&RID=12XPCVPR013"",""AP031452.1"")"
Eubacterium rectale M104/1 draft genome,Agathobacter rectalis M104/1,551,551,4%,2e-150,75.02,3698419,"=HYPERLINK(""https://www.ncbi.nlm.nih.gov/nucleotide/FP929043.1?report=genbank&log$=nucltop&blast_rank=9&RID=12XPCVPR013"",""FP929043.1"")"
"Butyrivibrio fibrisolvens strain ASCUSDY19 chromosome 2, complete sequence",Butyrivibrio fibrisolvens,440,506,3%,5e-117,75.82,336856,"=HYPERLINK(""https://www.ncbi.nlm.nih.gov/nucleotide/CP065801.1?report=genbank&log$=nucltop&blast_rank=10&RID=12XPCVPR013"",""CP065801.1"")"
"Atopobium parvulum DSM 20469, complete genome",Lancefieldella parvula DSM 20469,283,283,3%,1e-69,72.36,1543805,"=HYPERLINK(""https://www.ncbi.nlm.nih.gov/nucleotide/CP001721.1?report=genbank&log$=nucltop&blast_rank=11&RID=12XPCVPR013"",""CP001721.1"")"
"Eisenbergiella porci k07-0079-E9-1 DNA, complete genome",Eisenbergiella porci,209,209,2%,2e-47,73.77,7083291,"=HYPERLINK(""https://www.ncbi.nlm.nih.gov/nucleotide/AP031441.1?report=genbank&log$=nucltop&blast_rank=12&RID=12XPCVPR013"",""AP031441.1"")"
"Butyrivibrio proteoclasticus B316 chromosome 1, complete sequence",Butyrivibrio proteoclasticus B316,195,1563,1%,5e-43,91.55,3554804,"=HYPERLINK(""https://www.ncbi.nlm.nih.gov/nucleotide/CP001810.1?report=genbank&log$=nucltop&blast_rank=13&RID=12XPCVPR013"",""CP001810.1"")"
"Butyrivibrio proteoclasticus B316 chromosome 2, complete sequence",Butyrivibrio proteoclasticus B316,187,255,0%,8e-41,90.78,302358,"=HYPERLINK(""https://www.ncbi.nlm.nih.gov/nucleotide/CP001811.1?report=genbank&log$=nucltop&blast_rank=14&RID=12XPCVPR013"",""CP001811.1"")"
"Butyrivibrio fibrisolvens strain ASCUSDY19 chromosome 1, complete sequence",Butyrivibrio fibrisolvens,185,185,0%,3e-40,90.71,4116214,"=HYPERLINK(""https://www.ncbi.nlm.nih.gov/nucleotide/CP065800.1?report=genbank&log$=nucltop&blast_rank=15&RID=12XPCVPR013"",""CP065800.1"")"
"Ruminococcus bicirculans (ex Wegman et al. 2014) i24-0019-1J7 DNA, complete genome",Ruminococcus bicirculans (ex Wegman et al. 2014),159,159,1%,2e-32,78.84,3143500,"=HYPERLINK(""https://www.ncbi.nlm.nih.gov/nucleotide/AP031427.1?report=genbank&log$=nucltop&blast_rank=16&RID=12XPCVPR013"",""AP031427.1"")"
"MAG: Oscillospiraceae bacterium isolate KR001_HAM_0005 chromosome, complete genome",Oscillospiraceae bacterium,154,154,1%,8e-31,78.42,3279038,"=HYPERLINK(""https://www.ncbi.nlm.nih.gov/nucleotide/CP107206.1?report=genbank&log$=nucltop&blast_rank=17&RID=12XPCVPR013"",""CP107206.1"")"
"Butyrivibrio fibrisolvens strain D1 chromosome, complete genome",Butyrivibrio fibrisolvens,141,141,1%,6e-27,74.29,4671138,"=HYPERLINK(""https://www.ncbi.nlm.nih.gov/nucleotide/CP146963.1?report=genbank&log$=nucltop&blast_rank=18&RID=12XPCVPR013"",""CP146963.1"")"
"Butyrivibrio sp. JL13D10 chromosome 2, complete sequence",Butyrivibrio sp. JL13D10,100,100,0%,1e-14,85.57,449257,"=HYPERLINK(""https://www.ncbi.nlm.nih.gov/nucleotide/CP172574.1?report=genbank&log$=nucltop&blast_rank=19&RID=12XPCVPR013"",""CP172574.1"")"
"Neobacillus sp. PS3-40 chromosome, complete genome",Neobacillus sp. PS3-40,67.6,67.6,0%,1e-04,91.84,4459106,"=HYPERLINK(""https://www.ncbi.nlm.nih.gov/nucleotide/CP133266.1?report=genbank&log$=nucltop&blast_rank=20&RID=12XPCVPR013"",""CP133266.1"")"
"Nostoc sp. TCL26-01 chromosome, complete genome",Nostoc sp. TCL26-01,65.8,65.8,0%,4e-04,87.93,6765102,"=HYPERLINK(""https://www.ncbi.nlm.nih.gov/nucleotide/CP040297.1?report=genbank&log$=nucltop&blast_rank=21&RID=12XPCVPR013"",""CP040297.1"")"



		


