Description,Scientific Name,Max Score,Total Score,Query Cover,E value,Per. ident,Acc. Len,Accession  
"Shewanella psychropiezotolerans strain YLB-06 chromosome, complete genome",Shewanella psychropiezotolerans,17084,68411,85%,0.0,90.21,6449204,"=HYPERLINK(""https://www.ncbi.nlm.nih.gov/nucleotide/CP041614.1?report=genbank&log$=nucltop&blast_rank=1&RID=12XPCVPR013"",""CP041614.1"")"
"Shewanella psychrophila strain WP2 chromosome, complete genome",Shewanella psychrophila,13404,49584,76%,0.0,87.29,6353406,"=HYPERLINK(""https://www.ncbi.nlm.nih.gov/nucleotide/CP014782.1?report=genbank&log$=nucltop&blast_rank=2&RID=12XPCVPR013"",""CP014782.1"")"
"Shewanella violacea DSS12 DNA, complete genome",Shewanella violacea DSS12,12152,57210,81%,0.0,88.87,4962103,"=HYPERLINK(""https://www.ncbi.nlm.nih.gov/nucleotide/AP011177.1?report=genbank&log$=nucltop&blast_rank=3&RID=12XPCVPR013"",""AP011177.1"")"
"Shewanella benthica strain DB21MT-2 genome assembly, chromosome: SHEWBE",Shewanella benthica,11873,58661,66%,0.0,92.74,4353505,"=HYPERLINK(""https://www.ncbi.nlm.nih.gov/nucleotide/LS483452.1?report=genbank&log$=nucltop&blast_rank=4&RID=12XPCVPR013"",""LS483452.1"")"
"Shewanella sediminis HAW-EB3 chromosome, complete genome",Shewanella sediminis HAW-EB3,4852,15368,33%,0.0,78.90,5517674,"=HYPERLINK(""https://www.ncbi.nlm.nih.gov/nucleotide/CP000821.1?report=genbank&log$=nucltop&blast_rank=5&RID=12XPCVPR013"",""CP000821.1"")"
"Shewanella eurypsychrophilus strain YLB-08 chromosome, complete genome",Shewanella eurypsychrophilus,4732,11117,27%,0.0,78.43,5851320,"=HYPERLINK(""https://www.ncbi.nlm.nih.gov/nucleotide/CP045503.2?report=genbank&log$=nucltop&blast_rank=6&RID=12XPCVPR013"",""CP045503.2"")"
"Shewanella sp. YLB-09 chromosome, complete genome",Shewanella sp. YLB-09,4732,11117,27%,0.0,78.43,6225487,"=HYPERLINK(""https://www.ncbi.nlm.nih.gov/nucleotide/CP045427.1?report=genbank&log$=nucltop&blast_rank=7&RID=12XPCVPR013"",""CP045427.1"")"
Shewanella woodyi strain ENK6 chromosome,Shewanella woodyi,3410,6852,19%,0.0,76.36,5949290,"=HYPERLINK(""https://www.ncbi.nlm.nih.gov/nucleotide/CP171410.1?report=genbank&log$=nucltop&blast_rank=8&RID=12XPCVPR013"",""CP171410.1"")"
"Shewanella sp. MTB7 chromosome, complete genome",Shewanella sp. MTB7,2276,8525,17%,0.0,78.01,6367435,"=HYPERLINK(""https://www.ncbi.nlm.nih.gov/nucleotide/CP085636.1?report=genbank&log$=nucltop&blast_rank=9&RID=12XPCVPR013"",""CP085636.1"")"
"Shewanella violacea AckA gene for acetate kinase, complete cds",Shewanella violacea DSS12,2237,2237,3%,0.0,87.61,1943,"=HYPERLINK(""https://www.ncbi.nlm.nih.gov/nucleotide/AB161699.1?report=genbank&log$=nucltop&blast_rank=10&RID=12XPCVPR013"",""AB161699.1"")"
"Shewanella rhizosphaerae strain FJAT-53764 chromosome, complete genome",Shewanella rhizosphaerae,2207,4696,12%,0.0,79.59,4578721,"=HYPERLINK(""https://www.ncbi.nlm.nih.gov/nucleotide/CP080420.1?report=genbank&log$=nucltop&blast_rank=11&RID=12XPCVPR013"",""CP080420.1"")"
"Shewanella aegiceratis strain FJAT-53532 chromosome, complete genome",Shewanella aegiceratis,2185,4469,11%,0.0,79.48,4513739,"=HYPERLINK(""https://www.ncbi.nlm.nih.gov/nucleotide/CP080416.1?report=genbank&log$=nucltop&blast_rank=12&RID=12XPCVPR013"",""CP080416.1"")"
"Shewanella loihica PV-4 chromosome, complete genome",Shewanella loihica PV-4,2169,4491,11%,0.0,79.38,4602594,"=HYPERLINK(""https://www.ncbi.nlm.nih.gov/nucleotide/CP000606.1?report=genbank&log$=nucltop&blast_rank=13&RID=12XPCVPR013"",""CP000606.1"")"
"Shewanella halotolerans strain FJAT-53555 chromosome, complete genome",Shewanella halotolerans,2163,4586,11%,0.0,79.31,4661557,"=HYPERLINK(""https://www.ncbi.nlm.nih.gov/nucleotide/CP080417.1?report=genbank&log$=nucltop&blast_rank=14&RID=12XPCVPR013"",""CP080417.1"")"
"Shewanella spartinae strain FJAT-53681 chromosome, complete genome",Shewanella spartinae,2163,4480,11%,0.0,79.34,4619816,"=HYPERLINK(""https://www.ncbi.nlm.nih.gov/nucleotide/CP080418.1?report=genbank&log$=nucltop&blast_rank=15&RID=12XPCVPR013"",""CP080418.1"")"
"Shewanella alkalitolerans strain FJAT-54031 chromosome, complete genome",Shewanella alkalitolerans,2158,2987,8%,0.0,79.31,4526391,"=HYPERLINK(""https://www.ncbi.nlm.nih.gov/nucleotide/CP080422.1?report=genbank&log$=nucltop&blast_rank=16&RID=12XPCVPR013"",""CP080422.1"")"
"Shewanella mesophila strain FJAT-53870 chromosome, complete genome",Shewanella mesophila,2047,2433,6%,0.0,78.63,4323583,"=HYPERLINK(""https://www.ncbi.nlm.nih.gov/nucleotide/CP080421.1?report=genbank&log$=nucltop&blast_rank=17&RID=12XPCVPR013"",""CP080421.1"")"
"Shewanella marisflavi strain ECSMB14101 chromosome, complete genome",Shewanella marisflavi,2032,3886,11%,0.0,78.53,4343492,"=HYPERLINK(""https://www.ncbi.nlm.nih.gov/nucleotide/CP041153.1?report=genbank&log$=nucltop&blast_rank=18&RID=12XPCVPR013"",""CP041153.1"")"
"Shewanella marisflavi strain EP1, complete genome",Shewanella marisflavi,2032,3914,11%,0.0,78.54,4321452,"=HYPERLINK(""https://www.ncbi.nlm.nih.gov/nucleotide/CP022272.1?report=genbank&log$=nucltop&blast_rank=19&RID=12XPCVPR013"",""CP022272.1"")"
"Shewanella piezotolerans WP3, complete genome",Shewanella piezotolerans WP3,1993,5777,16%,0.0,76.70,5396476,"=HYPERLINK(""https://www.ncbi.nlm.nih.gov/nucleotide/CP000472.1?report=genbank&log$=nucltop&blast_rank=20&RID=12XPCVPR013"",""CP000472.1"")"
"Shewanella woodyi ATCC 51908 chromosome, complete genome",Shewanella woodyi ATCC 51908,1858,3444,8%,0.0,81.25,5935403,"=HYPERLINK(""https://www.ncbi.nlm.nih.gov/nucleotide/CP000961.1?report=genbank&log$=nucltop&blast_rank=21&RID=12XPCVPR013"",""CP000961.1"")"
"Shewanella amazonensis SB2B, complete genome",Shewanella amazonensis SB2B,1777,1777,5%,0.0,77.41,4306142,"=HYPERLINK(""https://www.ncbi.nlm.nih.gov/nucleotide/CP000507.1?report=genbank&log$=nucltop&blast_rank=22&RID=12XPCVPR013"",""CP000507.1"")"
"Shewanella halifaxensis HAW-EB4 chromosome, complete genome",Shewanella halifaxensis HAW-EB4,1609,6877,21%,0.0,79.37,5226917,"=HYPERLINK(""https://www.ncbi.nlm.nih.gov/nucleotide/CP000931.1?report=genbank&log$=nucltop&blast_rank=23&RID=12XPCVPR013"",""CP000931.1"")"
"MAG: Shewanella algae isolate 5a9aaf50-ab53-4b10-a04a-bcc2c9f19150 genome assembly, chromosome: 7",Shewanella algae,1607,1678,4%,0.0,78.86,392632,"=HYPERLINK(""https://www.ncbi.nlm.nih.gov/nucleotide/OZ223533.1?report=genbank&log$=nucltop&blast_rank=24&RID=12XPCVPR013"",""OZ223533.1"")"
"Shewanella seohaensis strain KCTC 23556 chromosome, complete genome",Shewanella seohaensis,1605,3340,9%,0.0,79.36,4751888,"=HYPERLINK(""https://www.ncbi.nlm.nih.gov/nucleotide/CP104900.1?report=genbank&log$=nucltop&blast_rank=25&RID=12XPCVPR013"",""CP104900.1"")"
"Shewanella chilikensis strain ST10 chromosome, complete genome",Shewanella chilikensis,1596,1677,4%,0.0,78.83,4731103,"=HYPERLINK(""https://www.ncbi.nlm.nih.gov/nucleotide/CP149966.1?report=genbank&log$=nucltop&blast_rank=26&RID=12XPCVPR013"",""CP149966.1"")"
"Shewanella algae strain HIDE chromosome, complete genome",Shewanella algae,1591,1667,4%,0.0,78.74,4950784,"=HYPERLINK(""https://www.ncbi.nlm.nih.gov/nucleotide/CP032664.1?report=genbank&log$=nucltop&blast_rank=27&RID=12XPCVPR013"",""CP032664.1"")"
Shewanella indica strain Colony474 chromosome,Shewanella indica,1591,1667,4%,0.0,78.75,4990025,"=HYPERLINK(""https://www.ncbi.nlm.nih.gov/nucleotide/CP076373.1?report=genbank&log$=nucltop&blast_rank=28&RID=12XPCVPR013"",""CP076373.1"")"
"Shewanella chilikensis strain NTT9 chromosome, complete genome",Shewanella chilikensis,1591,1671,4%,0.0,78.79,4679848,"=HYPERLINK(""https://www.ncbi.nlm.nih.gov/nucleotide/CP184784.1?report=genbank&log$=nucltop&blast_rank=29&RID=12XPCVPR013"",""CP184784.1"")"
"Shewanella algae strain CECT 5071 chromosome, complete genome",Shewanella algae,1585,1662,4%,0.0,78.71,4924764,"=HYPERLINK(""https://www.ncbi.nlm.nih.gov/nucleotide/CP068230.1?report=genbank&log$=nucltop&blast_rank=30&RID=12XPCVPR013"",""CP068230.1"")"
Shewanella algae strain Colony281 chromosome,Shewanella algae,1585,1662,4%,0.0,78.70,4990025,"=HYPERLINK(""https://www.ncbi.nlm.nih.gov/nucleotide/CP076374.1?report=genbank&log$=nucltop&blast_rank=31&RID=12XPCVPR013"",""CP076374.1"")"
"MAG: Shewanella algae isolate 07bfc935-628a-4e6a-813e-e5896c4e7951 genome assembly, chromosome: 1",Shewanella algae,1580,1656,4%,0.0,78.67,4824153,"=HYPERLINK(""https://www.ncbi.nlm.nih.gov/nucleotide/OY771610.1?report=genbank&log$=nucltop&blast_rank=32&RID=12XPCVPR013"",""OY771610.1"")"
"Shewanella algae strain G1 chromosome, complete genome",Shewanella algae,1580,1656,4%,0.0,78.67,4887746,"=HYPERLINK(""https://www.ncbi.nlm.nih.gov/nucleotide/CP068228.1?report=genbank&log$=nucltop&blast_rank=33&RID=12XPCVPR013"",""CP068228.1"")"
"Shewanella algae TUM17383 DNA, complete genome",Shewanella algae,1574,1651,4%,0.0,78.62,4921266,"=HYPERLINK(""https://www.ncbi.nlm.nih.gov/nucleotide/AP024615.1?report=genbank&log$=nucltop&blast_rank=34&RID=12XPCVPR013"",""AP024615.1"")"
"Shewanella algae strain B2215466 chromosome, complete genome",Shewanella algae,1574,1651,4%,0.0,78.62,4946841,"=HYPERLINK(""https://www.ncbi.nlm.nih.gov/nucleotide/CP110338.1?report=genbank&log$=nucltop&blast_rank=35&RID=12XPCVPR013"",""CP110338.1"")"
"Shewanella algae strain NJT6 chromosome, complete genome",Shewanella algae,1568,1645,4%,0.0,78.57,4973501,"=HYPERLINK(""https://www.ncbi.nlm.nih.gov/nucleotide/CP184785.1?report=genbank&log$=nucltop&blast_rank=36&RID=12XPCVPR013"",""CP184785.1"")"
"Shewanella algae strain A291 chromosome, complete genome",Shewanella algae,1568,1645,4%,0.0,78.57,4971565,"=HYPERLINK(""https://www.ncbi.nlm.nih.gov/nucleotide/CP068226.1?report=genbank&log$=nucltop&blast_rank=37&RID=12XPCVPR013"",""CP068226.1"")"
"Shewanella algae TUM17384 DNA, complete genome",Shewanella algae,1568,1645,4%,0.0,78.58,4871625,"=HYPERLINK(""https://www.ncbi.nlm.nih.gov/nucleotide/AP024616.1?report=genbank&log$=nucltop&blast_rank=38&RID=12XPCVPR013"",""AP024616.1"")"
"Shewanella algae TUM17382 DNA, complete genome",Shewanella algae,1563,2060,7%,0.0,78.55,5040456,"=HYPERLINK(""https://www.ncbi.nlm.nih.gov/nucleotide/AP024614.1?report=genbank&log$=nucltop&blast_rank=39&RID=12XPCVPR013"",""AP024614.1"")"
"Shewanella chilikensis strain DC57 chromosome, complete genome",Shewanella chilikensis,1563,1643,4%,0.0,78.59,4910425,"=HYPERLINK(""https://www.ncbi.nlm.nih.gov/nucleotide/CP045857.1?report=genbank&log$=nucltop&blast_rank=40&RID=12XPCVPR013"",""CP045857.1"")"
"Shewanella algae strain RQs-106 chromosome, complete genome",Shewanella algae,1563,1640,4%,0.0,78.53,4990025,"=HYPERLINK(""https://www.ncbi.nlm.nih.gov/nucleotide/CP046378.1?report=genbank&log$=nucltop&blast_rank=41&RID=12XPCVPR013"",""CP046378.1"")"
"Shewanella algae TUM17386 DNA, complete genome",Shewanella algae,1563,2162,7%,0.0,78.52,4911443,"=HYPERLINK(""https://www.ncbi.nlm.nih.gov/nucleotide/AP024617.1?report=genbank&log$=nucltop&blast_rank=42&RID=12XPCVPR013"",""AP024617.1"")"
"Shewanella carassii TUM17387 DNA, complete genome",Shewanella carassii,1557,2911,8%,0.0,78.48,4454556,"=HYPERLINK(""https://www.ncbi.nlm.nih.gov/nucleotide/AP024618.1?report=genbank&log$=nucltop&blast_rank=43&RID=12XPCVPR013"",""AP024618.1"")"
"Shewanella algae strain VGH117 chromosome, complete genome",Shewanella algae,1557,1634,4%,0.0,78.49,4796801,"=HYPERLINK(""https://www.ncbi.nlm.nih.gov/nucleotide/CP034246.1?report=genbank&log$=nucltop&blast_rank=44&RID=12XPCVPR013"",""CP034246.1"")"
"Shewanella algae strain A59 chromosome, complete genome",Shewanella algae,1552,1629,4%,0.0,78.45,4817651,"=HYPERLINK(""https://www.ncbi.nlm.nih.gov/nucleotide/CP068227.1?report=genbank&log$=nucltop&blast_rank=45&RID=12XPCVPR013"",""CP068227.1"")"
"Shewanella algae TUM4442 DNA, complete genome",Shewanella algae,1546,1623,4%,0.0,78.42,4798767,"=HYPERLINK(""https://www.ncbi.nlm.nih.gov/nucleotide/AP024610.1?report=genbank&log$=nucltop&blast_rank=46&RID=12XPCVPR013"",""AP024610.1"")"
"Shewanella algae strain KC-Na-R1 chromosome, complete genome",Shewanella algae,1546,1623,4%,0.0,78.42,5036300,"=HYPERLINK(""https://www.ncbi.nlm.nih.gov/nucleotide/CP033575.1?report=genbank&log$=nucltop&blast_rank=47&RID=12XPCVPR013"",""CP033575.1"")"
Shewanella algae strain 19NY04SH04 chromosome,Shewanella algae,1546,1623,4%,0.0,78.42,4900574,"=HYPERLINK(""https://www.ncbi.nlm.nih.gov/nucleotide/CP101489.1?report=genbank&log$=nucltop&blast_rank=48&RID=12XPCVPR013"",""CP101489.1"")"
"Shewanella algae TUM17379 DNA, complete genome",Shewanella algae,1546,1623,4%,0.0,78.42,4909921,"=HYPERLINK(""https://www.ncbi.nlm.nih.gov/nucleotide/AP024613.1?report=genbank&log$=nucltop&blast_rank=49&RID=12XPCVPR013"",""AP024613.1"")"
"Shewanella algae TUM17378 DNA, complete genome",Shewanella algae,1541,1618,4%,0.0,78.38,4872739,"=HYPERLINK(""https://www.ncbi.nlm.nih.gov/nucleotide/AP024612.1?report=genbank&log$=nucltop&blast_rank=50&RID=12XPCVPR013"",""AP024612.1"")"
"Shewanella algae strain 150735 chromosome, complete genome",Shewanella algae,1541,1618,4%,0.0,78.38,5070545,"=HYPERLINK(""https://www.ncbi.nlm.nih.gov/nucleotide/CP068229.1?report=genbank&log$=nucltop&blast_rank=51&RID=12XPCVPR013"",""CP068229.1"")"
"Shewanella algae strain 18064-CSB-B-B chromosome, complete genome",Shewanella algae,1535,1612,4%,0.0,78.34,4754321,"=HYPERLINK(""https://www.ncbi.nlm.nih.gov/nucleotide/CP047422.1?report=genbank&log$=nucltop&blast_rank=52&RID=12XPCVPR013"",""CP047422.1"")"
"Shewanella algae strain VGH117 chromosome, complete genome",Shewanella algae,1535,1612,4%,0.0,78.34,4787117,"=HYPERLINK(""https://www.ncbi.nlm.nih.gov/nucleotide/CP032415.1?report=genbank&log$=nucltop&blast_rank=53&RID=12XPCVPR013"",""CP032415.1"")"
Shewanella algae strain CCU4052 chromosome,Shewanella algae,1535,1612,4%,0.0,78.34,4787275,"=HYPERLINK(""https://www.ncbi.nlm.nih.gov/nucleotide/CP078515.1?report=genbank&log$=nucltop&blast_rank=54&RID=12XPCVPR013"",""CP078515.1"")"
Shewanella algae strain CCU4053 chromosome,Shewanella algae,1535,1612,4%,0.0,78.34,4787217,"=HYPERLINK(""https://www.ncbi.nlm.nih.gov/nucleotide/CP078518.1?report=genbank&log$=nucltop&blast_rank=55&RID=12XPCVPR013"",""CP078518.1"")"
"Shewanella youngdeokensis strain DAU334 chromosome, complete genome",Shewanella youngdeokensis,1535,3458,10%,0.0,78.99,4343646,"=HYPERLINK(""https://www.ncbi.nlm.nih.gov/nucleotide/CP136522.1?report=genbank&log$=nucltop&blast_rank=56&RID=12XPCVPR013"",""CP136522.1"")"
Shewanella algae strain CCU4051 chromosome,Shewanella algae,1535,1612,4%,0.0,78.34,4786891,"=HYPERLINK(""https://www.ncbi.nlm.nih.gov/nucleotide/CP078513.1?report=genbank&log$=nucltop&blast_rank=57&RID=12XPCVPR013"",""CP078513.1"")"
"Shewanella algae strain CQPMC-SheW1 chromosome, complete genome",Shewanella algae,1535,1612,4%,0.0,78.34,4891834,"=HYPERLINK(""https://www.ncbi.nlm.nih.gov/nucleotide/CP170654.1?report=genbank&log$=nucltop&blast_rank=58&RID=12XPCVPR013"",""CP170654.1"")"
"Shewanella algae strain CCU101 chromosome, complete genome",Shewanella algae,1535,1612,4%,0.0,78.34,4786791,"=HYPERLINK(""https://www.ncbi.nlm.nih.gov/nucleotide/CP018456.1?report=genbank&log$=nucltop&blast_rank=59&RID=12XPCVPR013"",""CP018456.1"")"
"Shewanella algae strain 2NE11 chromosome, complete genome",Shewanella algae,1535,1612,4%,0.0,78.34,5030813,"=HYPERLINK(""https://www.ncbi.nlm.nih.gov/nucleotide/CP055159.1?report=genbank&log$=nucltop&blast_rank=60&RID=12XPCVPR013"",""CP055159.1"")"
Shewanella algae strain CCU4054 chromosome,Shewanella algae,1535,1612,4%,0.0,78.34,4787071,"=HYPERLINK(""https://www.ncbi.nlm.nih.gov/nucleotide/CP078519.1?report=genbank&log$=nucltop&blast_rank=61&RID=12XPCVPR013"",""CP078519.1"")"
"Shewanella algae strain MCCC 1A11468 chromosome, complete genome",Shewanella algae,1530,1606,4%,0.0,78.29,4880117,"=HYPERLINK(""https://www.ncbi.nlm.nih.gov/nucleotide/CP129401.1?report=genbank&log$=nucltop&blast_rank=62&RID=12XPCVPR013"",""CP129401.1"")"
"Shewanella algae ATCC 49138 DNA, complete genome",Shewanella algae,1530,1606,4%,0.0,78.29,4849690,"=HYPERLINK(""https://www.ncbi.nlm.nih.gov/nucleotide/AP024609.1?report=genbank&log$=nucltop&blast_rank=63&RID=12XPCVPR013"",""AP024609.1"")"
"Shewanella donghaensis strain LT17 chromosome, complete genome",Shewanella donghaensis,1496,2146,7%,0.0,78.68,4912773,"=HYPERLINK(""https://www.ncbi.nlm.nih.gov/nucleotide/CP041783.1?report=genbank&log$=nucltop&blast_rank=64&RID=12XPCVPR013"",""CP041783.1"")"
"Shewanella glacialimarina strain TZS-4 chromosome, complete genome",Shewanella glacialimarina,1447,1806,7%,0.0,74.51,4456447,"=HYPERLINK(""https://www.ncbi.nlm.nih.gov/nucleotide/CP041216.1?report=genbank&log$=nucltop&blast_rank=65&RID=12XPCVPR013"",""CP041216.1"")"
Shewanella decolorationis strain sesselensis chromosome,Shewanella decolorationis,1439,3253,9%,0.0,78.07,4719362,"=HYPERLINK(""https://www.ncbi.nlm.nih.gov/nucleotide/CP037898.1?report=genbank&log$=nucltop&blast_rank=66&RID=12XPCVPR013"",""CP037898.1"")"
"Shewanella decolorationis strain Ni1-3 chromosome, complete genome",Shewanella decolorationis,1434,3242,9%,0.0,78.05,5001960,"=HYPERLINK(""https://www.ncbi.nlm.nih.gov/nucleotide/CP031775.3?report=genbank&log$=nucltop&blast_rank=67&RID=12XPCVPR013"",""CP031775.3"")"
"Shewanella frigidimarina NCIMB 400, complete genome",Shewanella frigidimarina NCIMB 400,1411,2220,7%,0.0,77.98,4845257,"=HYPERLINK(""https://www.ncbi.nlm.nih.gov/nucleotide/CP000447.1?report=genbank&log$=nucltop&blast_rank=68&RID=12XPCVPR013"",""CP000447.1"")"
"Shewanella baltica strain 128 chromosome, complete genome",Shewanella baltica,1404,4611,15%,0.0,78.42,4896215,"=HYPERLINK(""https://www.ncbi.nlm.nih.gov/nucleotide/CP028730.1?report=genbank&log$=nucltop&blast_rank=69&RID=12XPCVPR013"",""CP028730.1"")"
"Shewanella acanthi strain FJAT-51860 chromosome, complete genome",Shewanella acanthi,1400,2028,6%,0.0,77.75,4133651,"=HYPERLINK(""https://www.ncbi.nlm.nih.gov/nucleotide/CP080413.1?report=genbank&log$=nucltop&blast_rank=70&RID=12XPCVPR013"",""CP080413.1"")"
"Shewanella psychrotolerans strain FJAT-53749 chromosome, complete genome",Shewanella psychrotolerans,1400,1686,4%,0.0,78.38,4368735,"=HYPERLINK(""https://www.ncbi.nlm.nih.gov/nucleotide/CP080419.1?report=genbank&log$=nucltop&blast_rank=71&RID=12XPCVPR013"",""CP080419.1"")"
"Shewanella sp. NFH-SH190041 DNA, complete genome",Shewanella sp. NFH-SH190041,1399,1399,4%,0.0,78.09,4314826,"=HYPERLINK(""https://www.ncbi.nlm.nih.gov/nucleotide/AP026070.1?report=genbank&log$=nucltop&blast_rank=72&RID=12XPCVPR013"",""AP026070.1"")"
"Shewanella baltica OS223 chromosome, complete genome",Shewanella baltica OS223,1399,4312,14%,0.0,78.36,5145902,"=HYPERLINK(""https://www.ncbi.nlm.nih.gov/nucleotide/CP001252.1?report=genbank&log$=nucltop&blast_rank=73&RID=12XPCVPR013"",""CP001252.1"")"
"Shewanella oncorhynchi strain B chromosome, complete genome",Shewanella oncorhynchi,1387,3107,11%,0.0,78.23,4985169,"=HYPERLINK(""https://www.ncbi.nlm.nih.gov/nucleotide/CP143431.1?report=genbank&log$=nucltop&blast_rank=74&RID=12XPCVPR013"",""CP143431.1"")"
"Shewanella baltica strain SF1039 genome assembly, chromosome: SF1039_c1",Shewanella baltica,1382,4963,16%,0.0,78.25,5044058,"=HYPERLINK(""https://www.ncbi.nlm.nih.gov/nucleotide/OX461117.1?report=genbank&log$=nucltop&blast_rank=75&RID=12XPCVPR013"",""OX461117.1"")"
"Shewanella baltica strain CW2 chromosome, complete genome",Shewanella baltica,1382,4587,15%,0.0,78.18,4944783,"=HYPERLINK(""https://www.ncbi.nlm.nih.gov/nucleotide/CP028355.1?report=genbank&log$=nucltop&blast_rank=76&RID=12XPCVPR013"",""CP028355.1"")"
"Shewanella baltica strain 11FHM2 chromosome, complete genome",Shewanella baltica,1376,3260,10%,0.0,78.08,5068880,"=HYPERLINK(""https://www.ncbi.nlm.nih.gov/nucleotide/CP051529.1?report=genbank&log$=nucltop&blast_rank=77&RID=12XPCVPR013"",""CP051529.1"")"
"Shewanella oncorhynchi strain XWfb1 chromosome, complete genome",Shewanella oncorhynchi,1376,3120,11%,0.0,78.16,5036139,"=HYPERLINK(""https://www.ncbi.nlm.nih.gov/nucleotide/CP180478.1?report=genbank&log$=nucltop&blast_rank=78&RID=12XPCVPR013"",""CP180478.1"")"
"Shewanella sp. DAU305 chromosome, complete genome",Shewanella sp. DAU305,1376,4572,15%,0.0,78.15,4991185,"=HYPERLINK(""https://www.ncbi.nlm.nih.gov/nucleotide/CP113808.1?report=genbank&log$=nucltop&blast_rank=79&RID=12XPCVPR013"",""CP113808.1"")"
"Shewanella baltica strain NCTC10737 genome assembly, chromosome: 1",Shewanella baltica,1376,3309,10%,0.0,78.15,4999751,"=HYPERLINK(""https://www.ncbi.nlm.nih.gov/nucleotide/LR134321.1?report=genbank&log$=nucltop&blast_rank=80&RID=12XPCVPR013"",""LR134321.1"")"
"Shewanella baltica OS185, complete genome",Shewanella baltica OS185,1371,4461,15%,0.0,78.06,5229686,"=HYPERLINK(""https://www.ncbi.nlm.nih.gov/nucleotide/CP000753.1?report=genbank&log$=nucltop&blast_rank=81&RID=12XPCVPR013"",""CP000753.1"")"
"Shewanella sp. Pdp11 chromosome, complete genome",Shewanella sp. Pdp11,1365,4539,15%,0.0,78.05,4973697,"=HYPERLINK(""https://www.ncbi.nlm.nih.gov/nucleotide/CP015194.1?report=genbank&log$=nucltop&blast_rank=82&RID=12XPCVPR013"",""CP015194.1"")"
"Shewanella sp. SNU WT4 chromosome, complete genome",Shewanella sp. SNU WT4,1365,1444,4%,0.0,77.54,4066222,"=HYPERLINK(""https://www.ncbi.nlm.nih.gov/nucleotide/CP041151.1?report=genbank&log$=nucltop&blast_rank=83&RID=12XPCVPR013"",""CP041151.1"")"
"MAG: Shewanella baltica isolate ab10af43-f234-4356-97de-70ecb527fe96 genome assembly, chromosome: 1",Shewanella baltica,1365,4577,15%,0.0,78.05,5166595,"=HYPERLINK(""https://www.ncbi.nlm.nih.gov/nucleotide/OY781439.1?report=genbank&log$=nucltop&blast_rank=84&RID=12XPCVPR013"",""OY781439.1"")"
"Shewanella baltica OS117, complete genome",Shewanella baltica OS117,1360,3474,12%,0.0,78.01,5242964,"=HYPERLINK(""https://www.ncbi.nlm.nih.gov/nucleotide/CP002811.1?report=genbank&log$=nucltop&blast_rank=85&RID=12XPCVPR013"",""CP002811.1"")"
"Shewanella baltica OS155 chromosome, complete genome",Shewanella baltica OS155,1360,3474,12%,0.0,78.01,5127376,"=HYPERLINK(""https://www.ncbi.nlm.nih.gov/nucleotide/CP000563.1?report=genbank&log$=nucltop&blast_rank=86&RID=12XPCVPR013"",""CP000563.1"")"
"Shewanella baltica BA175 chromosome, complete genome",Shewanella baltica BA175,1349,3321,10%,0.0,77.97,5066051,"=HYPERLINK(""https://www.ncbi.nlm.nih.gov/nucleotide/CP002767.1?report=genbank&log$=nucltop&blast_rank=87&RID=12XPCVPR013"",""CP002767.1"")"
"Shewanella baltica OS678, complete genome",Shewanella baltica OS678,1349,4535,15%,0.0,77.97,5288069,"=HYPERLINK(""https://www.ncbi.nlm.nih.gov/nucleotide/CP002383.1?report=genbank&log$=nucltop&blast_rank=88&RID=12XPCVPR013"",""CP002383.1"")"
"Shewanella baltica Sheb_23 DNA, complete genome",Shewanella baltica,1349,3540,12%,0.0,77.91,5085031,"=HYPERLINK(""https://www.ncbi.nlm.nih.gov/nucleotide/AP031461.1?report=genbank&log$=nucltop&blast_rank=89&RID=12XPCVPR013"",""AP031461.1"")"
"Shewanella baltica OS195 chromosome, complete genome",Shewanella baltica OS195,1349,4535,15%,0.0,77.97,5347283,"=HYPERLINK(""https://www.ncbi.nlm.nih.gov/nucleotide/CP000891.1?report=genbank&log$=nucltop&blast_rank=90&RID=12XPCVPR013"",""CP000891.1"")"
"MAG: uncultured Shewanella sp. isolate ae0cf98b-7678-43db-a020-567e09f3cda9 genome assembly, chromosome: 1",uncultured Shewanella sp.,1338,4187,15%,0.0,77.80,5122536,"=HYPERLINK(""https://www.ncbi.nlm.nih.gov/nucleotide/OY781435.1?report=genbank&log$=nucltop&blast_rank=91&RID=12XPCVPR013"",""OY781435.1"")"
"Shewanella baltica strain TMP1 chromosome, complete genome",Shewanella baltica,1332,4622,16%,0.0,77.78,5303565,"=HYPERLINK(""https://www.ncbi.nlm.nih.gov/nucleotide/CP146610.1?report=genbank&log$=nucltop&blast_rank=92&RID=12XPCVPR013"",""CP146610.1"")"
"Shewanella sp. WE21 chromosome, complete genome",Shewanella sp. WE21,1321,3087,11%,0.0,77.67,5266746,"=HYPERLINK(""https://www.ncbi.nlm.nih.gov/nucleotide/CP023019.1?report=genbank&log$=nucltop&blast_rank=93&RID=12XPCVPR013"",""CP023019.1"")"
"Thalassotalea psychrophila strain SQ149 chromosome, complete genome",Thalassotalea psychrophila,1315,1315,4%,0.0,77.61,4806223,"=HYPERLINK(""https://www.ncbi.nlm.nih.gov/nucleotide/CP134145.1?report=genbank&log$=nucltop&blast_rank=94&RID=12XPCVPR013"",""CP134145.1"")"
"Shewanella oncorhynchi strain Z-P2 chromosome, complete genome",Shewanella oncorhynchi,1304,1797,6%,0.0,77.53,5034612,"=HYPERLINK(""https://www.ncbi.nlm.nih.gov/nucleotide/CP132914.1?report=genbank&log$=nucltop&blast_rank=95&RID=12XPCVPR013"",""CP132914.1"")"
"Shewanella denitrificans OS217, complete genome",Shewanella denitrificans OS217,1297,2194,7%,0.0,77.22,4545906,"=HYPERLINK(""https://www.ncbi.nlm.nih.gov/nucleotide/CP000302.1?report=genbank&log$=nucltop&blast_rank=96&RID=12XPCVPR013"",""CP000302.1"")"
"Shewanella putrefaciens strain ATCC 8071 chromosome, complete genome",Shewanella putrefaciens,1293,2047,6%,0.0,77.43,4386330,"=HYPERLINK(""https://www.ncbi.nlm.nih.gov/nucleotide/CP066370.1?report=genbank&log$=nucltop&blast_rank=97&RID=12XPCVPR013"",""CP066370.1"")"
"Shewanella putrefaciens strain 4H chromosome, complete genome",Shewanella putrefaciens,1293,2058,6%,0.0,77.47,4589493,"=HYPERLINK(""https://www.ncbi.nlm.nih.gov/nucleotide/CP104755.1?report=genbank&log$=nucltop&blast_rank=98&RID=12XPCVPR013"",""CP104755.1"")"
"Shewanella putrefaciens strain YZ-J chromosome, complete genome",Shewanella putrefaciens,1293,2047,6%,0.0,77.43,4386160,"=HYPERLINK(""https://www.ncbi.nlm.nih.gov/nucleotide/CP080635.1?report=genbank&log$=nucltop&blast_rank=99&RID=12XPCVPR013"",""CP080635.1"")"
"Shewanella putrefaciens strain XY07 chromosome, complete genome",Shewanella putrefaciens,1293,2047,6%,0.0,77.43,4386237,"=HYPERLINK(""https://www.ncbi.nlm.nih.gov/nucleotide/CP070865.1?report=genbank&log$=nucltop&blast_rank=100&RID=12XPCVPR013"",""CP070865.1"")"



		


