Description,Scientific Name,Max Score,Total Score,Query Cover,E value,Per. ident,Acc. Len,Accession  
"Metamycoplasma sualvi strain Mayfield chromosome, complete genome",Metamycoplasma sualvi,518,518,11%,1e-140,74.69,842965,"=HYPERLINK(""https://www.ncbi.nlm.nih.gov/nucleotide/CP174167.1?report=genbank&log$=nucltop&blast_rank=1&RID=12XPCVPR013"",""CP174167.1"")"
"Candidatus Mycoplasma mahonii isolate OP267 chromosome, complete genome",Candidatus Mycoplasma mahonii,505,740,24%,8e-137,72.01,796768,"=HYPERLINK(""https://www.ncbi.nlm.nih.gov/nucleotide/CP114583.1?report=genbank&log$=nucltop&blast_rank=2&RID=12XPCVPR013"",""CP114583.1"")"
"Mesomycoplasma lagogenitalium strain 12MS chromosome, complete genome",Mesomycoplasma lagogenitalium,462,462,7%,5e-124,77.82,973223,"=HYPERLINK(""https://www.ncbi.nlm.nih.gov/nucleotide/CP122979.1?report=genbank&log$=nucltop&blast_rank=3&RID=12XPCVPR013"",""CP122979.1"")"
"Mycoplasma sp. 1654_15 chromosome, complete genome",Mycoplasma sp. 1654_15,446,446,7%,5e-119,77.12,923061,"=HYPERLINK(""https://www.ncbi.nlm.nih.gov/nucleotide/CP051214.1?report=genbank&log$=nucltop&blast_rank=4&RID=12XPCVPR013"",""CP051214.1"")"
Mesoplasma florum strain W12 chromosome,Mesoplasma florum,424,424,11%,2e-112,73.17,829202,"=HYPERLINK(""https://www.ncbi.nlm.nih.gov/nucleotide/CP022432.1?report=genbank&log$=nucltop&blast_rank=5&RID=12XPCVPR013"",""CP022432.1"")"
Mesoplasma florum strain W20 chromosome,Mesoplasma florum,424,424,11%,2e-112,73.17,830640,"=HYPERLINK(""https://www.ncbi.nlm.nih.gov/nucleotide/CP022506.1?report=genbank&log$=nucltop&blast_rank=6&RID=12XPCVPR013"",""CP022506.1"")"
"Mesoplasma florum W37, complete genome",Mesoplasma florum W37,424,424,11%,2e-112,73.17,825824,"=HYPERLINK(""https://www.ncbi.nlm.nih.gov/nucleotide/CP006778.1?report=genbank&log$=nucltop&blast_rank=7&RID=12XPCVPR013"",""CP006778.1"")"
"Mesoplasma florum strain PPA1 chromosome, complete genome",Mesoplasma florum,418,418,11%,1e-110,73.09,820043,"=HYPERLINK(""https://www.ncbi.nlm.nih.gov/nucleotide/CP023736.1?report=genbank&log$=nucltop&blast_rank=8&RID=12XPCVPR013"",""CP023736.1"")"
Mesoplasma florum strain GF chromosome,Mesoplasma florum,418,418,11%,1e-110,73.09,792347,"=HYPERLINK(""https://www.ncbi.nlm.nih.gov/nucleotide/CP022509.1?report=genbank&log$=nucltop&blast_rank=9&RID=12XPCVPR013"",""CP022509.1"")"
"Mesoplasma florum strain BARC 787 chromosome, complete genome",Mesoplasma florum,418,418,11%,1e-110,73.09,738512,"=HYPERLINK(""https://www.ncbi.nlm.nih.gov/nucleotide/CP022514.1?report=genbank&log$=nucltop&blast_rank=10&RID=12XPCVPR013"",""CP022514.1"")"
"Mesoplasma florum strain GF1 chromosome, complete genome",Mesoplasma florum,418,418,11%,1e-110,73.09,807195,"=HYPERLINK(""https://www.ncbi.nlm.nih.gov/nucleotide/CP023735.1?report=genbank&log$=nucltop&blast_rank=11&RID=12XPCVPR013"",""CP023735.1"")"
"Mesoplasma florum strain W23 chromosome, complete genome",Mesoplasma florum,418,418,11%,1e-110,73.09,773885,"=HYPERLINK(""https://www.ncbi.nlm.nih.gov/nucleotide/CP022505.1?report=genbank&log$=nucltop&blast_rank=12&RID=12XPCVPR013"",""CP022505.1"")"
"Mesoplasma florum strain MouA-2 chromosome, complete genome",Mesoplasma florum,412,412,11%,5e-109,73.02,781099,"=HYPERLINK(""https://www.ncbi.nlm.nih.gov/nucleotide/CP022508.1?report=genbank&log$=nucltop&blast_rank=13&RID=12XPCVPR013"",""CP022508.1"")"
Mesoplasma florum L1 complete genome,Mesoplasma florum L1,412,412,11%,5e-109,73.02,793224,"=HYPERLINK(""https://www.ncbi.nlm.nih.gov/nucleotide/AE017263.1?report=genbank&log$=nucltop&blast_rank=14&RID=12XPCVPR013"",""AE017263.1"")"
"Mesoplasma florum strain MQ3 chromosome, complete genome",Mesoplasma florum,407,407,11%,2e-107,72.94,793277,"=HYPERLINK(""https://www.ncbi.nlm.nih.gov/nucleotide/CP022512.1?report=genbank&log$=nucltop&blast_rank=15&RID=12XPCVPR013"",""CP022512.1"")"
"Mycoplasma conjunctivae strain NCTC10147 genome assembly, chromosome: 1",Mesomycoplasma conjunctivae,359,359,6%,6e-93,75.77,899438,"=HYPERLINK(""https://www.ncbi.nlm.nih.gov/nucleotide/LR214997.1?report=genbank&log$=nucltop&blast_rank=16&RID=12XPCVPR013"",""LR214997.1"")"
Mycoplasma conjunctivae HRC/581T complete genome,Mesomycoplasma conjunctivae,359,359,6%,6e-93,75.77,846214,"=HYPERLINK(""https://www.ncbi.nlm.nih.gov/nucleotide/FM864216.2?report=genbank&log$=nucltop&blast_rank=17&RID=12XPCVPR013"",""FM864216.2"")"
"Mycoplasmopsis felis strain CO chromosome, complete genome",Mycoplasmopsis felis,353,353,11%,3e-91,72.63,919617,"=HYPERLINK(""https://www.ncbi.nlm.nih.gov/nucleotide/CP144309.1?report=genbank&log$=nucltop&blast_rank=18&RID=12XPCVPR013"",""CP144309.1"")"
"Mesoplasma entomophilum strain TAC chromosome, complete genome",Mesoplasma entomophilum,340,340,11%,2e-87,72.05,847967,"=HYPERLINK(""https://www.ncbi.nlm.nih.gov/nucleotide/CP024411.1?report=genbank&log$=nucltop&blast_rank=19&RID=12XPCVPR013"",""CP024411.1"")"
"Mesoplasma entomophilum strain TAC chromosome, complete genome",Mesoplasma entomophilum,340,340,11%,2e-87,72.05,847966,"=HYPERLINK(""https://www.ncbi.nlm.nih.gov/nucleotide/CP024966.1?report=genbank&log$=nucltop&blast_rank=20&RID=12XPCVPR013"",""CP024966.1"")"
Mesoplasma entomophilum strain W17 chromosome,Mesoplasma entomophilum,340,340,11%,2e-87,72.05,787107,"=HYPERLINK(""https://www.ncbi.nlm.nih.gov/nucleotide/CP022507.1?report=genbank&log$=nucltop&blast_rank=21&RID=12XPCVPR013"",""CP022507.1"")"
"Mycoplasmopsis felis strain 48341 chromosome, complete genome",Mycoplasmopsis felis,337,337,11%,3e-86,72.42,891374,"=HYPERLINK(""https://www.ncbi.nlm.nih.gov/nucleotide/CP141027.2?report=genbank&log$=nucltop&blast_rank=22&RID=12XPCVPR013"",""CP141027.2"")"
"Mycoplasma cottewii strain VIS chromosome, complete genome",Mycoplasma cottewii,333,333,10%,4e-85,72.51,1016659,"=HYPERLINK(""https://www.ncbi.nlm.nih.gov/nucleotide/CP103424.1?report=genbank&log$=nucltop&blast_rank=23&RID=12XPCVPR013"",""CP103424.1"")"
"Mycoplasmopsis felis strain 53109 chromosome, complete genome",Mycoplasmopsis felis,333,333,7%,4e-85,74.85,955105,"=HYPERLINK(""https://www.ncbi.nlm.nih.gov/nucleotide/CP141028.2?report=genbank&log$=nucltop&blast_rank=24&RID=12XPCVPR013"",""CP141028.2"")"
"Mycoplasmopsis felis strain 21976 chromosome, complete genome",Mycoplasmopsis felis,327,327,7%,2e-83,74.72,934836,"=HYPERLINK(""https://www.ncbi.nlm.nih.gov/nucleotide/CP141035.2?report=genbank&log$=nucltop&blast_rank=25&RID=12XPCVPR013"",""CP141035.2"")"
"Mycoplasmopsis felis strain 632 chromosome, complete genome",Mycoplasmopsis felis,327,327,7%,2e-83,74.69,905741,"=HYPERLINK(""https://www.ncbi.nlm.nih.gov/nucleotide/CP114888.1?report=genbank&log$=nucltop&blast_rank=26&RID=12XPCVPR013"",""CP114888.1"")"
"Mycoplasmopsis felis strain 047 chromosome, complete genome",Mycoplasmopsis felis,327,327,7%,2e-83,74.72,948716,"=HYPERLINK(""https://www.ncbi.nlm.nih.gov/nucleotide/CP114890.1?report=genbank&log$=nucltop&blast_rank=27&RID=12XPCVPR013"",""CP114890.1"")"
Mycoplasmopsis felis strain 57065 chromosome,Mycoplasmopsis felis,327,327,7%,2e-83,74.72,944196,"=HYPERLINK(""https://www.ncbi.nlm.nih.gov/nucleotide/CP141032.2?report=genbank&log$=nucltop&blast_rank=28&RID=12XPCVPR013"",""CP141032.2"")"
"Mycoplasmopsis felis strain 219 chromosome, complete genome",Mycoplasmopsis felis,327,327,7%,2e-83,74.72,945056,"=HYPERLINK(""https://www.ncbi.nlm.nih.gov/nucleotide/CP114889.1?report=genbank&log$=nucltop&blast_rank=29&RID=12XPCVPR013"",""CP114889.1"")"
Mycoplasmopsis felis strain 71855 chromosome,Mycoplasmopsis felis,327,327,7%,2e-83,74.72,924073,"=HYPERLINK(""https://www.ncbi.nlm.nih.gov/nucleotide/CP141025.2?report=genbank&log$=nucltop&blast_rank=30&RID=12XPCVPR013"",""CP141025.2"")"
Mycoplasmopsis felis strain 79979 chromosome,Mycoplasmopsis felis,327,327,7%,2e-83,74.69,919005,"=HYPERLINK(""https://www.ncbi.nlm.nih.gov/nucleotide/CP141031.2?report=genbank&log$=nucltop&blast_rank=31&RID=12XPCVPR013"",""CP141031.2"")"
Mycoplasmopsis felis strain 11534 chromosome,Mycoplasmopsis felis,327,327,7%,2e-83,74.75,883767,"=HYPERLINK(""https://www.ncbi.nlm.nih.gov/nucleotide/CP141029.2?report=genbank&log$=nucltop&blast_rank=32&RID=12XPCVPR013"",""CP141029.2"")"
Mycoplasmopsis felis strain 27649 chromosome,Mycoplasmopsis felis,327,327,7%,2e-83,74.72,950662,"=HYPERLINK(""https://www.ncbi.nlm.nih.gov/nucleotide/CP141024.2?report=genbank&log$=nucltop&blast_rank=33&RID=12XPCVPR013"",""CP141024.2"")"
"Mycoplasmopsis felis strain 35610 chromosome, complete genome",Mycoplasmopsis felis,322,322,7%,9e-82,74.60,961901,"=HYPERLINK(""https://www.ncbi.nlm.nih.gov/nucleotide/CP141034.2?report=genbank&log$=nucltop&blast_rank=34&RID=12XPCVPR013"",""CP141034.2"")"
"Mycoplasma felis Myco-2 DNA, complete genome",Mycoplasmopsis felis,322,322,7%,9e-82,74.57,841695,"=HYPERLINK(""https://www.ncbi.nlm.nih.gov/nucleotide/AP022325.1?report=genbank&log$=nucltop&blast_rank=35&RID=12XPCVPR013"",""AP022325.1"")"
Mycoplasmopsis felis strain 329 chromosome,Mycoplasmopsis felis,316,316,7%,4e-80,74.44,936913,"=HYPERLINK(""https://www.ncbi.nlm.nih.gov/nucleotide/CP115656.1?report=genbank&log$=nucltop&blast_rank=36&RID=12XPCVPR013"",""CP115656.1"")"
"Spiroplasma litorale strain TN-1, complete genome",Spiroplasma litorale,316,316,7%,4e-80,74.51,1225519,"=HYPERLINK(""https://www.ncbi.nlm.nih.gov/nucleotide/CP012357.1?report=genbank&log$=nucltop&blast_rank=37&RID=12XPCVPR013"",""CP012357.1"")"
"Mycoplasmopsis felis strain 40612 chromosome, complete genome",Mycoplasmopsis felis,316,316,7%,4e-80,74.47,987451,"=HYPERLINK(""https://www.ncbi.nlm.nih.gov/nucleotide/CP141033.2?report=genbank&log$=nucltop&blast_rank=38&RID=12XPCVPR013"",""CP141033.2"")"
"Spiroplasma platyhelix PALS-1 chromosome, complete genome",Spiroplasma platyhelix PALS-1,315,315,10%,1e-79,72.29,744499,"=HYPERLINK(""https://www.ncbi.nlm.nih.gov/nucleotide/CP051215.1?report=genbank&log$=nucltop&blast_rank=39&RID=12XPCVPR013"",""CP051215.1"")"
"Mesoplasma coleopterae strain BARC 779 chromosome, complete genome",Mesoplasma coleopterae,313,313,11%,5e-79,71.68,800407,"=HYPERLINK(""https://www.ncbi.nlm.nih.gov/nucleotide/CP024968.1?report=genbank&log$=nucltop&blast_rank=40&RID=12XPCVPR013"",""CP024968.1"")"
"Mycoplasma columborale strain NCTC10179 genome assembly, chromosome: 1",Mycoplasmopsis columboralis,313,313,4%,5e-79,78.06,949548,"=HYPERLINK(""https://www.ncbi.nlm.nih.gov/nucleotide/LR215039.1?report=genbank&log$=nucltop&blast_rank=41&RID=12XPCVPR013"",""LR215039.1"")"
Mesoplasma coleopterae strain BARC 786 chromosome,Mesoplasma coleopterae,313,313,11%,5e-79,71.68,765660,"=HYPERLINK(""https://www.ncbi.nlm.nih.gov/nucleotide/CP022510.1?report=genbank&log$=nucltop&blast_rank=42&RID=12XPCVPR013"",""CP022510.1"")"
Mesoplasma coleopterae strain BARC 781 chromosome,Mesoplasma coleopterae,313,313,11%,5e-79,71.66,803948,"=HYPERLINK(""https://www.ncbi.nlm.nih.gov/nucleotide/CP022511.1?report=genbank&log$=nucltop&blast_rank=43&RID=12XPCVPR013"",""CP022511.1"")"
Mycoplasmopsis felis strain 64570 chromosome,Mycoplasmopsis felis,311,311,7%,2e-78,74.35,865310,"=HYPERLINK(""https://www.ncbi.nlm.nih.gov/nucleotide/CP141026.2?report=genbank&log$=nucltop&blast_rank=44&RID=12XPCVPR013"",""CP141026.2"")"
"Mycoplasmopsis felis strain 99014 chromosome, complete genome",Mycoplasmopsis felis,311,311,7%,2e-78,74.35,918089,"=HYPERLINK(""https://www.ncbi.nlm.nih.gov/nucleotide/CP141047.2?report=genbank&log$=nucltop&blast_rank=45&RID=12XPCVPR013"",""CP141047.2"")"
Mycoplasmopsis felis strain 99751 chromosome,Mycoplasmopsis felis,305,305,7%,9e-77,74.29,958349,"=HYPERLINK(""https://www.ncbi.nlm.nih.gov/nucleotide/CP141030.2?report=genbank&log$=nucltop&blast_rank=46&RID=12XPCVPR013"",""CP141030.2"")"
"Mycoplasmopsis edwardii strain felid995 chromosome, complete genome",Mycoplasmopsis edwardii,300,300,10%,4e-75,72.07,831662,"=HYPERLINK(""https://www.ncbi.nlm.nih.gov/nucleotide/CP114370.1?report=genbank&log$=nucltop&blast_rank=47&RID=12XPCVPR013"",""CP114370.1"")"
"Mycoplasma edwardii strain NCTC10132 genome assembly, chromosome: 1",Mycoplasmopsis edwardii,300,300,10%,4e-75,72.12,832213,"=HYPERLINK(""https://www.ncbi.nlm.nih.gov/nucleotide/LS991951.1?report=genbank&log$=nucltop&blast_rank=48&RID=12XPCVPR013"",""LS991951.1"")"
Mycoplasmopsis felis strain 16-057065-4 chromosome,Mycoplasmopsis felis,298,298,7%,1e-74,74.08,946531,"=HYPERLINK(""https://www.ncbi.nlm.nih.gov/nucleotide/CP103993.1?report=genbank&log$=nucltop&blast_rank=49&RID=12XPCVPR013"",""CP103993.1"")"
Mycoplasmopsis felis strain 16-040612-4 chromosome,Mycoplasmopsis felis,296,296,7%,5e-74,74.05,986762,"=HYPERLINK(""https://www.ncbi.nlm.nih.gov/nucleotide/CP104194.1?report=genbank&log$=nucltop&blast_rank=50&RID=12XPCVPR013"",""CP104194.1"")"
Mycoplasmopsis felis strain 16-040612-4 chromosome,Mycoplasmopsis felis,294,294,7%,2e-73,74.01,986886,"=HYPERLINK(""https://www.ncbi.nlm.nih.gov/nucleotide/CP104193.1?report=genbank&log$=nucltop&blast_rank=51&RID=12XPCVPR013"",""CP104193.1"")"
Mycoplasma yeatsii GM274B,Mycoplasma yeatsii GM274B,294,294,11%,2e-73,71.73,895051,"=HYPERLINK(""https://www.ncbi.nlm.nih.gov/nucleotide/CP007520.1?report=genbank&log$=nucltop&blast_rank=52&RID=12XPCVPR013"",""CP007520.1"")"
"Spiroplasma cantharicola strain CC-1, complete genome",Spiroplasma cantharicola,292,292,5%,7e-73,76.50,1179577,"=HYPERLINK(""https://www.ncbi.nlm.nih.gov/nucleotide/CP012622.1?report=genbank&log$=nucltop&blast_rank=53&RID=12XPCVPR013"",""CP012622.1"")"
"Spiroplasma endosymbiont of Cantharis rufa isolate 54748 genome assembly, chromosome: 1",Spiroplasma endosymbiont of Cantharis rufa,291,551,9%,2e-72,77.00,1242918,"=HYPERLINK(""https://www.ncbi.nlm.nih.gov/nucleotide/OZ026459.1?report=genbank&log$=nucltop&blast_rank=54&RID=12XPCVPR013"",""OZ026459.1"")"
Mycoplasmopsis felis strain 16-040612-4 chromosome,Mycoplasmopsis felis,287,287,7%,3e-71,73.89,986153,"=HYPERLINK(""https://www.ncbi.nlm.nih.gov/nucleotide/CP104192.1?report=genbank&log$=nucltop&blast_rank=55&RID=12XPCVPR013"",""CP104192.1"")"
"Spiroplasma endosymbiont of Dioctria linearis isolate 54760 genome assembly, chromosome: 1",Spiroplasma endosymbiont of Dioctria linearis,283,390,6%,4e-70,76.66,1230581,"=HYPERLINK(""https://www.ncbi.nlm.nih.gov/nucleotide/OZ034984.1?report=genbank&log$=nucltop&blast_rank=56&RID=12XPCVPR013"",""OZ034984.1"")"
Mycoplasmopsis felis strain 16-057065-4 chromosome,Mycoplasmopsis felis,283,283,7%,4e-70,73.93,945899,"=HYPERLINK(""https://www.ncbi.nlm.nih.gov/nucleotide/CP110269.1?report=genbank&log$=nucltop&blast_rank=57&RID=12XPCVPR013"",""CP110269.1"")"
"Spiroplasma endosymbiont of Cantharis nigra isolate 54809 genome assembly, chromosome: 1",Spiroplasma endosymbiont of Cantharis nigra,279,369,5%,5e-69,76.76,1237520,"=HYPERLINK(""https://www.ncbi.nlm.nih.gov/nucleotide/OZ026470.1?report=genbank&log$=nucltop&blast_rank=58&RID=12XPCVPR013"",""OZ026470.1"")"
Mycoplasmopsis felis strain 16-057065-4 chromosome,Mycoplasmopsis felis,278,278,7%,2e-68,73.70,946054,"=HYPERLINK(""https://www.ncbi.nlm.nih.gov/nucleotide/CP103988.1?report=genbank&log$=nucltop&blast_rank=59&RID=12XPCVPR013"",""CP103988.1"")"
Mycoplasmopsis felis strain 16-040612-4 chromosome,Mycoplasmopsis felis,276,276,7%,7e-68,73.67,988120,"=HYPERLINK(""https://www.ncbi.nlm.nih.gov/nucleotide/CP110270.1?report=genbank&log$=nucltop&blast_rank=60&RID=12XPCVPR013"",""CP110270.1"")"
"Mycoplasma californicum HAZ160_1lincomycin DNA, complete genome",Mycoplasmopsis californica,267,267,6%,4e-65,74.11,799089,"=HYPERLINK(""https://www.ncbi.nlm.nih.gov/nucleotide/AP018944.2?report=genbank&log$=nucltop&blast_rank=61&RID=12XPCVPR013"",""AP018944.2"")"
"Mycoplasma californicum HAZ106_1lincomycin DNA, complete genome",Mycoplasmopsis californica,267,267,6%,4e-65,74.11,805916,"=HYPERLINK(""https://www.ncbi.nlm.nih.gov/nucleotide/AP018942.1?report=genbank&log$=nucltop&blast_rank=62&RID=12XPCVPR013"",""AP018942.1"")"
"Mycoplasma californicum HAZ106_1 DNA, complete genome",Mycoplasmopsis californica,267,267,6%,4e-65,74.11,805917,"=HYPERLINK(""https://www.ncbi.nlm.nih.gov/nucleotide/AP018940.1?report=genbank&log$=nucltop&blast_rank=63&RID=12XPCVPR013"",""AP018940.1"")"
"Mycoplasmopsis californica HAZ160_1 DNA, complete genome",Mycoplasmopsis californica HAZ160_1,267,267,6%,4e-65,74.11,799088,"=HYPERLINK(""https://www.ncbi.nlm.nih.gov/nucleotide/AP013353.1?report=genbank&log$=nucltop&blast_rank=64&RID=12XPCVPR013"",""AP013353.1"")"
"Mycoplasma californicum HAZ160_1erythromycin DNA, complete genome",Mycoplasmopsis californica,267,267,6%,4e-65,74.11,799089,"=HYPERLINK(""https://www.ncbi.nlm.nih.gov/nucleotide/AP018943.2?report=genbank&log$=nucltop&blast_rank=65&RID=12XPCVPR013"",""AP018943.2"")"
"Mycoplasma californicum HAZ106_1erythromycin DNA, complete genome",Mycoplasmopsis californica,267,267,6%,4e-65,74.11,805916,"=HYPERLINK(""https://www.ncbi.nlm.nih.gov/nucleotide/AP018941.1?report=genbank&log$=nucltop&blast_rank=66&RID=12XPCVPR013"",""AP018941.1"")"
"Mycoplasma californicum strain ST-6, complete genome",Mycoplasmopsis californica,267,267,6%,4e-65,74.33,793841,"=HYPERLINK(""https://www.ncbi.nlm.nih.gov/nucleotide/CP007521.1?report=genbank&log$=nucltop&blast_rank=67&RID=12XPCVPR013"",""CP007521.1"")"
"Sarcina sp. JB2 chromosome, complete genome",Sarcina sp. JB2,255,255,6%,9e-62,73.62,2435860,"=HYPERLINK(""https://www.ncbi.nlm.nih.gov/nucleotide/CP051754.1?report=genbank&log$=nucltop&blast_rank=68&RID=12XPCVPR013"",""CP051754.1"")"
"Halanaerobium praevalens DSM 2228, complete genome",Halanaerobium praevalens DSM 2228,239,239,6%,9e-57,73.97,2309262,"=HYPERLINK(""https://www.ncbi.nlm.nih.gov/nucleotide/CP002175.1?report=genbank&log$=nucltop&blast_rank=69&RID=12XPCVPR013"",""CP002175.1"")"
"Terrisporobacter mayombei strain DSM 6539 chromosome, complete genome",Terrisporobacter mayombei,222,222,6%,9e-52,72.46,4034168,"=HYPERLINK(""https://www.ncbi.nlm.nih.gov/nucleotide/CP101637.1?report=genbank&log$=nucltop&blast_rank=70&RID=12XPCVPR013"",""CP101637.1"")"
"Spiroplasma clarkii strain CN-5 chromosome, complete genome",Spiroplasma clarkii,215,215,5%,1e-49,73.50,1558445,"=HYPERLINK(""https://www.ncbi.nlm.nih.gov/nucleotide/CP015819.1?report=genbank&log$=nucltop&blast_rank=71&RID=12XPCVPR013"",""CP015819.1"")"
"Spiroplasma clarkii strain CN-5 chromosome, complete genome",Spiroplasma clarkii,215,215,5%,1e-49,73.50,1560007,"=HYPERLINK(""https://www.ncbi.nlm.nih.gov/nucleotide/CP024870.1?report=genbank&log$=nucltop&blast_rank=72&RID=12XPCVPR013"",""CP024870.1"")"
"Mesomycoplasma ovipneumoniae strain 274 chromosome, complete genome",Mesomycoplasma ovipneumoniae,213,213,5%,5e-49,73.52,1081404,"=HYPERLINK(""https://www.ncbi.nlm.nih.gov/nucleotide/CP079199.1?report=genbank&log$=nucltop&blast_rank=73&RID=12XPCVPR013"",""CP079199.1"")"
"uncultured Tenericutes bacterium isolate min17_bin32 genome assembly, chromosome: 1",uncultured Mycoplasmatota bacterium,213,213,5%,5e-49,74.54,1168076,"=HYPERLINK(""https://www.ncbi.nlm.nih.gov/nucleotide/OV788643.1?report=genbank&log$=nucltop&blast_rank=74&RID=12XPCVPR013"",""OV788643.1"")"
"Clostridium botulinum BKT015925, complete genome",Clostridium botulinum BKT015925,198,198,4%,1e-44,75.34,2773157,"=HYPERLINK(""https://www.ncbi.nlm.nih.gov/nucleotide/CP002410.1?report=genbank&log$=nucltop&blast_rank=75&RID=12XPCVPR013"",""CP002410.1"")"
Mesomycoplasma ovipneumoniae strain 14KM848 chromosome,Mesomycoplasma ovipneumoniae,196,196,5%,5e-44,72.98,1253291,"=HYPERLINK(""https://www.ncbi.nlm.nih.gov/nucleotide/CP142078.1?report=genbank&log$=nucltop&blast_rank=76&RID=12XPCVPR013"",""CP142078.1"")"
"Mesomycoplasma ovipneumoniae strain MoC2605L17A chromosome, complete genome",Mesomycoplasma ovipneumoniae,196,196,5%,5e-44,72.98,1202113,"=HYPERLINK(""https://www.ncbi.nlm.nih.gov/nucleotide/CP134942.1?report=genbank&log$=nucltop&blast_rank=77&RID=12XPCVPR013"",""CP134942.1"")"
"Polaribacter sp. NJDZ03 chromosome, complete genome",Polaribacter sp. NJDZ03,187,187,4%,3e-41,73.59,4078668,"=HYPERLINK(""https://www.ncbi.nlm.nih.gov/nucleotide/CP079195.1?report=genbank&log$=nucltop&blast_rank=78&RID=12XPCVPR013"",""CP079195.1"")"
"Spiroplasma endosymbiont of Asaphidion curtum isolate 54750 genome assembly, chromosome: 1",Spiroplasma endosymbiont of Asaphidion curtum,185,185,10%,1e-40,70.18,1313897,"=HYPERLINK(""https://www.ncbi.nlm.nih.gov/nucleotide/OZ035001.1?report=genbank&log$=nucltop&blast_rank=79&RID=12XPCVPR013"",""OZ035001.1"")"
"MAG: Candidatus Onthousia faecigallinarum isolate 6730_HET_VAC_s367.ctg000510c_hifiasm_circ MAG genome assembly, chromosome: 1",Candidatus Onthousia faecigallinarum,185,185,5%,1e-40,73.45,1603906,"=HYPERLINK(""https://www.ncbi.nlm.nih.gov/nucleotide/OZ006966.1?report=genbank&log$=nucltop&blast_rank=80&RID=12XPCVPR013"",""OZ006966.1"")"
"Clostridium botulinum strain 1873 chromosome, complete genome",Clostridium botulinum,176,176,4%,7e-38,73.43,2200906,"=HYPERLINK(""https://www.ncbi.nlm.nih.gov/nucleotide/CP063822.1?report=genbank&log$=nucltop&blast_rank=81&RID=12XPCVPR013"",""CP063822.1"")"
"Clostridium botulinum strain Stockholm chromosome, complete genome",Clostridium botulinum,176,176,7%,7e-38,71.24,2301532,"=HYPERLINK(""https://www.ncbi.nlm.nih.gov/nucleotide/CP063816.1?report=genbank&log$=nucltop&blast_rank=82&RID=12XPCVPR013"",""CP063816.1"")"
"Tenacibaculum insulae isolate JDTF-31(T) genome assembly, chromosome: TINSU",Tenacibaculum insulae,176,176,4%,7e-38,73.20,2840866,"=HYPERLINK(""https://www.ncbi.nlm.nih.gov/nucleotide/OZ208512.1?report=genbank&log$=nucltop&blast_rank=83&RID=12XPCVPR013"",""OZ208512.1"")"
"Clostridium botulinum strain BKT2873 chromosome, complete genome",Clostridium botulinum,171,171,4%,3e-36,74.16,2838878,"=HYPERLINK(""https://www.ncbi.nlm.nih.gov/nucleotide/CP063965.1?report=genbank&log$=nucltop&blast_rank=84&RID=12XPCVPR013"",""CP063965.1"")"
"Clostridium botulinum strain 3859/11 chromosome, complete genome",Clostridium botulinum,171,171,4%,3e-36,74.16,2885959,"=HYPERLINK(""https://www.ncbi.nlm.nih.gov/nucleotide/CP063959.1?report=genbank&log$=nucltop&blast_rank=85&RID=12XPCVPR013"",""CP063959.1"")"
"Spiroplasma endosymbiont of Agriotes lineatus isolate c80ccc06-2dea-4acd-bd14-5b1b8c50ad68 genome assembly, chromosome: 1",Spiroplasma endosymbiont of Agriotes lineatus,169,169,6%,1e-35,71.29,1243119,"=HYPERLINK(""https://www.ncbi.nlm.nih.gov/nucleotide/OZ026448.1?report=genbank&log$=nucltop&blast_rank=86&RID=12XPCVPR013"",""OZ026448.1"")"
"Clostridium novyi strain 150557 chromosome, complete genome",Clostridium novyi,165,165,6%,2e-34,71.29,2296219,"=HYPERLINK(""https://www.ncbi.nlm.nih.gov/nucleotide/CP029458.1?report=genbank&log$=nucltop&blast_rank=87&RID=12XPCVPR013"",""CP029458.1"")"
"Flavobacteriaceae bacterium AHE01FL isolate ena-SAMPLE-TAB-31-05-2021-14:30:53:025-170 genome assembly, chromosome: AHE01FL_assembled_genome",Candidatus Arcticimaribacter forsetii,159,159,4%,7e-33,72.62,2034069,"=HYPERLINK(""https://www.ncbi.nlm.nih.gov/nucleotide/OU342399.1?report=genbank&log$=nucltop&blast_rank=88&RID=12XPCVPR013"",""OU342399.1"")"
"Enterococcus saigonensis VE80 DNA, complete genome",Enterococcus saigonensis,159,159,4%,7e-33,73.02,2740356,"=HYPERLINK(""https://www.ncbi.nlm.nih.gov/nucleotide/AP022822.1?report=genbank&log$=nucltop&blast_rank=89&RID=12XPCVPR013"",""AP022822.1"")"
"Clostridium estertheticum strain CF008 chromosome, complete genome",Clostridium estertheticum,156,156,3%,9e-32,76.18,4315010,"=HYPERLINK(""https://www.ncbi.nlm.nih.gov/nucleotide/CP077624.1?report=genbank&log$=nucltop&blast_rank=90&RID=12XPCVPR013"",""CP077624.1"")"
"MAG: Aquimarina sp. isolate 3cb91a8c-c6a7-4ae1-8bb1-4b953be517e7 genome assembly, chromosome: 1",Aquimarina sp.,154,154,4%,3e-31,72.60,4854285,"=HYPERLINK(""https://www.ncbi.nlm.nih.gov/nucleotide/OZ244784.1?report=genbank&log$=nucltop&blast_rank=91&RID=12XPCVPR013"",""OZ244784.1"")"
"Staphylococcus taiwanensis strain NTUH-S172 chromosome, complete genome",Staphylococcus taiwanensis,154,154,4%,3e-31,72.56,2517683,"=HYPERLINK(""https://www.ncbi.nlm.nih.gov/nucleotide/CP058667.1?report=genbank&log$=nucltop&blast_rank=92&RID=12XPCVPR013"",""CP058667.1"")"
"MAG: Candidatus Hepatoplasma vulgare Av-JP DNA, complete genome",Candidatus Hepatoplasma vulgare,154,154,5%,3e-31,71.60,662108,"=HYPERLINK(""https://www.ncbi.nlm.nih.gov/nucleotide/AP027131.1?report=genbank&log$=nucltop&blast_rank=93&RID=12XPCVPR013"",""AP027131.1"")"
Priestia megaterium strain Ag87 chromosome,Priestia megaterium,150,150,4%,4e-30,72.98,6185942,"=HYPERLINK(""https://www.ncbi.nlm.nih.gov/nucleotide/CP098610.1?report=genbank&log$=nucltop&blast_rank=94&RID=12XPCVPR013"",""CP098610.1"")"
"Priestia megaterium strain HyangYak-01 chromosome, complete genome",Priestia megaterium,150,150,4%,4e-30,72.98,5086279,"=HYPERLINK(""https://www.ncbi.nlm.nih.gov/nucleotide/CP123578.1?report=genbank&log$=nucltop&blast_rank=95&RID=12XPCVPR013"",""CP123578.1"")"
"Priestia megaterium strain IMGN6 chromosome, complete genome",Priestia megaterium,150,150,4%,4e-30,72.98,5151962,"=HYPERLINK(""https://www.ncbi.nlm.nih.gov/nucleotide/CP151780.1?report=genbank&log$=nucltop&blast_rank=96&RID=12XPCVPR013"",""CP151780.1"")"
"Priestia megaterium strain CACC119 chromosome CACC119, complete sequence",Priestia megaterium,150,150,4%,4e-30,72.98,4735530,"=HYPERLINK(""https://www.ncbi.nlm.nih.gov/nucleotide/CP140267.1?report=genbank&log$=nucltop&blast_rank=97&RID=12XPCVPR013"",""CP140267.1"")"
"Priestia megaterium strain ELP1.24a chromosome, complete genome",Priestia megaterium,150,150,4%,4e-30,72.98,5099769,"=HYPERLINK(""https://www.ncbi.nlm.nih.gov/nucleotide/CP127874.1?report=genbank&log$=nucltop&blast_rank=98&RID=12XPCVPR013"",""CP127874.1"")"
Priestia megaterium strain B1 chromosome,Priestia megaterium,150,150,4%,4e-30,72.98,5138824,"=HYPERLINK(""https://www.ncbi.nlm.nih.gov/nucleotide/CP141294.1?report=genbank&log$=nucltop&blast_rank=99&RID=12XPCVPR013"",""CP141294.1"")"
"Clostridium estertheticum strain CF005 chromosome, complete genome",Clostridium estertheticum,148,148,3%,2e-29,74.74,4744016,"=HYPERLINK(""https://www.ncbi.nlm.nih.gov/nucleotide/CP077610.1?report=genbank&log$=nucltop&blast_rank=100&RID=12XPCVPR013"",""CP077610.1"")"



		


