Description,Scientific Name,Max Score,Total Score,Query Cover,E value,Per. ident,Acc. Len,Accession  
"Butyrivibrio proteoclasticus B316 chromosome 1, complete sequence",Butyrivibrio proteoclasticus B316,1319,3253,6%,0.0,78.00,3554804,"=HYPERLINK(""https://www.ncbi.nlm.nih.gov/nucleotide/CP001810.1?report=genbank&log$=nucltop&blast_rank=1&RID=12XPCVPR013"",""CP001810.1"")"
"Butyrivibrio fibrisolvens strain D1 chromosome, complete genome",Butyrivibrio fibrisolvens,1303,1303,5%,0.0,77.69,4671138,"=HYPERLINK(""https://www.ncbi.nlm.nih.gov/nucleotide/CP146963.1?report=genbank&log$=nucltop&blast_rank=2&RID=12XPCVPR013"",""CP146963.1"")"
"Butyrivibrio fibrisolvens strain ASCUSDY19 chromosome 1, complete sequence",Butyrivibrio fibrisolvens,1293,1505,5%,0.0,77.62,4116214,"=HYPERLINK(""https://www.ncbi.nlm.nih.gov/nucleotide/CP065800.1?report=genbank&log$=nucltop&blast_rank=3&RID=12XPCVPR013"",""CP065800.1"")"
"Pseudobutyrivibrio xylanivorans strain MA3014 chromosome 1, complete sequence",Pseudobutyrivibrio xylanivorans,1038,1758,7%,0.0,76.63,3412851,"=HYPERLINK(""https://www.ncbi.nlm.nih.gov/nucleotide/CP043028.1?report=genbank&log$=nucltop&blast_rank=4&RID=12XPCVPR013"",""CP043028.1"")"
"[Bacteroides] pectinophilus strain ATCC 43243 chromosome, complete genome",[Bacteroides] pectinophilus,1024,1024,4%,0.0,75.73,3078488,"=HYPERLINK(""https://www.ncbi.nlm.nih.gov/nucleotide/CP102260.1?report=genbank&log$=nucltop&blast_rank=5&RID=12XPCVPR013"",""CP102260.1"")"
"Anaerobutyricum hallii strain DFI.9.38 chromosome, complete genome",Anaerobutyricum hallii,933,933,4%,0.0,75.33,3664709,"=HYPERLINK(""https://www.ncbi.nlm.nih.gov/nucleotide/CP143936.1?report=genbank&log$=nucltop&blast_rank=6&RID=12XPCVPR013"",""CP143936.1"")"
Anaerobutyricum hallii strain EHAL chromosome,Anaerobutyricum hallii,931,931,4%,0.0,75.36,3434948,"=HYPERLINK(""https://www.ncbi.nlm.nih.gov/nucleotide/CP073280.1?report=genbank&log$=nucltop&blast_rank=7&RID=12XPCVPR013"",""CP073280.1"")"
"Lachnospiraceae bacterium C1.1 chromosome, complete genome",Lachnospiraceae bacterium C1.1,900,1570,7%,0.0,79.90,4078724,"=HYPERLINK(""https://www.ncbi.nlm.nih.gov/nucleotide/CP175961.1?report=genbank&log$=nucltop&blast_rank=8&RID=12XPCVPR013"",""CP175961.1"")"
"MAG: Lachnospiraceae bacterium isolate KR001_MFL_0129 chromosome, complete genome",Lachnospiraceae bacterium,887,2409,11%,0.0,74.24,3398993,"=HYPERLINK(""https://www.ncbi.nlm.nih.gov/nucleotide/CP107204.1?report=genbank&log$=nucltop&blast_rank=9&RID=12XPCVPR013"",""CP107204.1"")"
"Anaerostipes hadrus JCM 17467 DNA, complete genome",Anaerostipes hadrus ATCC 29173 = JCM 17467,883,1453,9%,0.0,75.18,2804089,"=HYPERLINK(""https://www.ncbi.nlm.nih.gov/nucleotide/AP028031.1?report=genbank&log$=nucltop&blast_rank=10&RID=12XPCVPR013"",""AP028031.1"")"
"Anaerostipes hadrus strain BA1 chromosome, complete genome",Anaerostipes hadrus,867,1431,9%,0.0,75.03,2946270,"=HYPERLINK(""https://www.ncbi.nlm.nih.gov/nucleotide/CP132968.1?report=genbank&log$=nucltop&blast_rank=11&RID=12XPCVPR013"",""CP132968.1"")"
"Eshraghiella crossota strain DSM 2876 chromosome, complete genome",Eshraghiella crossota,867,867,4%,0.0,75.28,2521323,"=HYPERLINK(""https://www.ncbi.nlm.nih.gov/nucleotide/CP102270.1?report=genbank&log$=nucltop&blast_rank=12&RID=12XPCVPR013"",""CP102270.1"")"
"Anaerostipes hadrus strain GIF7 chromosome, complete genome",Anaerostipes hadrus,867,1431,9%,0.0,75.03,2907308,"=HYPERLINK(""https://www.ncbi.nlm.nih.gov/nucleotide/CP132969.1?report=genbank&log$=nucltop&blast_rank=13&RID=12XPCVPR013"",""CP132969.1"")"
"Roseburia sp. 499 chromosome, complete genome",Roseburia sp. 499,854,925,4%,0.0,74.89,3381825,"=HYPERLINK(""https://www.ncbi.nlm.nih.gov/nucleotide/CP135164.1?report=genbank&log$=nucltop&blast_rank=14&RID=12XPCVPR013"",""CP135164.1"")"
Ruminococcus obeum A2-162 draft genome,Blautia obeum A2-162,743,1006,4%,0.0,77.68,3757491,"=HYPERLINK(""https://www.ncbi.nlm.nih.gov/nucleotide/FP929054.1?report=genbank&log$=nucltop&blast_rank=15&RID=12XPCVPR013"",""FP929054.1"")"
"Roseburia sp. 831b chromosome, complete genome",Roseburia sp. 831b,708,708,3%,0.0,74.79,3125828,"=HYPERLINK(""https://www.ncbi.nlm.nih.gov/nucleotide/CP135162.1?report=genbank&log$=nucltop&blast_rank=16&RID=12XPCVPR013"",""CP135162.1"")"
"Lachnospiraceae bacterium GAM79 strain FDAARGOS_1582 chromosome, complete genome",Lachnospiraceae bacterium GAM79,664,664,3%,0.0,74.54,2979054,"=HYPERLINK(""https://www.ncbi.nlm.nih.gov/nucleotide/CP085929.1?report=genbank&log$=nucltop&blast_rank=17&RID=12XPCVPR013"",""CP085929.1"")"
"Lachnospiraceae bacterium GAM79 strain FDAARGOS_1585 chromosome, complete genome",Lachnospiraceae bacterium GAM79,664,664,3%,0.0,74.54,2960832,"=HYPERLINK(""https://www.ncbi.nlm.nih.gov/nucleotide/CP085928.1?report=genbank&log$=nucltop&blast_rank=18&RID=12XPCVPR013"",""CP085928.1"")"
"MAG: Lachnospiraceae bacterium isolate 905b88d7-e0b7-4ab7-8ded-d3d34c9e5398 genome assembly, chromosome: 1",Lachnospiraceae bacterium,647,647,3%,5e-179,74.46,3343037,"=HYPERLINK(""https://www.ncbi.nlm.nih.gov/nucleotide/OY760900.1?report=genbank&log$=nucltop&blast_rank=19&RID=12XPCVPR013"",""OY760900.1"")"
Lachnospiraceae bacterium JLR.KK008 chromosome,Lachnospiraceae bacterium JLR.KK008,636,636,4%,1e-175,72.66,3188848,"=HYPERLINK(""https://www.ncbi.nlm.nih.gov/nucleotide/CP143548.1?report=genbank&log$=nucltop&blast_rank=20&RID=12XPCVPR013"",""CP143548.1"")"
"Eubacterium ventriosum strain ATCC 27560 chromosome, complete genome",Eubacterium ventriosum,634,634,4%,4e-175,72.94,2856089,"=HYPERLINK(""https://www.ncbi.nlm.nih.gov/nucleotide/CP102282.1?report=genbank&log$=nucltop&blast_rank=21&RID=12XPCVPR013"",""CP102282.1"")"
"Eubacterium ramulus strain JCM 31335 chromosome, complete genome",Eubacterium ramulus,597,597,3%,5e-164,75.27,3378009,"=HYPERLINK(""https://www.ncbi.nlm.nih.gov/nucleotide/CP173382.1?report=genbank&log$=nucltop&blast_rank=22&RID=12XPCVPR013"",""CP173382.1"")"
"MAG: Anaerostipes hadrus isolate KR001_HIC_0005 chromosome, complete genome",Anaerostipes hadrus,575,575,5%,2e-157,71.73,2870332,"=HYPERLINK(""https://www.ncbi.nlm.nih.gov/nucleotide/CP107212.1?report=genbank&log$=nucltop&blast_rank=23&RID=12XPCVPR013"",""CP107212.1"")"
"Anaerostipes hadrus isolate MGYG-HGUT-02528 genome assembly, chromosome: 1",Anaerostipes hadrus,575,575,5%,2e-157,71.73,3172613,"=HYPERLINK(""https://www.ncbi.nlm.nih.gov/nucleotide/LR699012.1?report=genbank&log$=nucltop&blast_rank=24&RID=12XPCVPR013"",""LR699012.1"")"
Anaerostipes hadrus draft genome,Anaerostipes hadrus,564,564,4%,5e-154,72.24,3114788,"=HYPERLINK(""https://www.ncbi.nlm.nih.gov/nucleotide/FP929061.1?report=genbank&log$=nucltop&blast_rank=25&RID=12XPCVPR013"",""FP929061.1"")"
"Anaerostipes hadrus strain DFI.4.30 chromosome, complete genome",Anaerostipes hadrus,564,564,5%,5e-154,71.67,3125496,"=HYPERLINK(""https://www.ncbi.nlm.nih.gov/nucleotide/CP143954.1?report=genbank&log$=nucltop&blast_rank=26&RID=12XPCVPR013"",""CP143954.1"")"
"Roseburia rectibacter strain NSJ-69 chromosome, complete genome",Roseburia rectibacter,560,626,3%,7e-153,75.14,3959994,"=HYPERLINK(""https://www.ncbi.nlm.nih.gov/nucleotide/CP092473.1?report=genbank&log$=nucltop&blast_rank=27&RID=12XPCVPR013"",""CP092473.1"")"
"Clostridium carboxidivorans P7, complete genome",Clostridium carboxidivorans P7,555,555,3%,3e-151,74.82,5732880,"=HYPERLINK(""https://www.ncbi.nlm.nih.gov/nucleotide/CP011803.1?report=genbank&log$=nucltop&blast_rank=28&RID=12XPCVPR013"",""CP011803.1"")"
"Dorea longicatena strain DSM 13814 chromosome, complete genome",Dorea longicatena,529,702,5%,2e-143,71.38,2919963,"=HYPERLINK(""https://www.ncbi.nlm.nih.gov/nucleotide/CP102280.1?report=genbank&log$=nucltop&blast_rank=29&RID=12XPCVPR013"",""CP102280.1"")"
"Dorea longicatena strain VE303-06 chromosome, complete genome",Dorea longicatena,518,518,5%,4e-140,71.26,3442572,"=HYPERLINK(""https://www.ncbi.nlm.nih.gov/nucleotide/CP094679.1?report=genbank&log$=nucltop&blast_rank=30&RID=12XPCVPR013"",""CP094679.1"")"
"Dorea longicatena i26-0019-D6 DNA, complete genome",Dorea longicatena,505,679,5%,3e-136,71.52,3179541,"=HYPERLINK(""https://www.ncbi.nlm.nih.gov/nucleotide/AP031429.1?report=genbank&log$=nucltop&blast_rank=31&RID=12XPCVPR013"",""AP031429.1"")"
"Blautia pseudococcoides strain YL58 chromosome, complete genome",Blautia pseudococcoides,501,501,4%,4e-135,71.84,5128746,"=HYPERLINK(""https://www.ncbi.nlm.nih.gov/nucleotide/CP015405.2?report=genbank&log$=nucltop&blast_rank=32&RID=12XPCVPR013"",""CP015405.2"")"
Blautia coccoides strain YL58 genome,Blautia pseudococcoides,501,501,4%,4e-135,71.84,5128582,"=HYPERLINK(""https://www.ncbi.nlm.nih.gov/nucleotide/CP022713.1?report=genbank&log$=nucltop&blast_rank=33&RID=12XPCVPR013"",""CP022713.1"")"
Blautia pseudococcoides strain YL58 chromosome,Blautia pseudococcoides,501,501,4%,4e-135,71.84,5128582,"=HYPERLINK(""https://www.ncbi.nlm.nih.gov/nucleotide/CP065312.1?report=genbank&log$=nucltop&blast_rank=34&RID=12XPCVPR013"",""CP065312.1"")"
"Blautia pseudococcoides strain SCSK chromosome, complete genome",Blautia pseudococcoides,501,501,4%,4e-135,71.60,5498201,"=HYPERLINK(""https://www.ncbi.nlm.nih.gov/nucleotide/CP053228.1?report=genbank&log$=nucltop&blast_rank=35&RID=12XPCVPR013"",""CP053228.1"")"
Dorea longicatena strain NB2A-3-NA chromosome,Dorea longicatena,494,494,4%,7e-133,71.44,2957902,"=HYPERLINK(""https://www.ncbi.nlm.nih.gov/nucleotide/CP100126.1?report=genbank&log$=nucltop&blast_rank=36&RID=12XPCVPR013"",""CP100126.1"")"
"Ruminococcus gauvreauii strain SFAD33 chromosome, complete genome",Ruminococcus gauvreauii,481,481,4%,5e-129,71.86,3896083,"=HYPERLINK(""https://www.ncbi.nlm.nih.gov/nucleotide/CP176635.1?report=genbank&log$=nucltop&blast_rank=37&RID=12XPCVPR013"",""CP176635.1"")"
"Blautia obeum ATCC 29174 chromosome, complete genome",Blautia obeum ATCC 29174,449,449,3%,2e-119,73.73,3649956,"=HYPERLINK(""https://www.ncbi.nlm.nih.gov/nucleotide/CP102265.1?report=genbank&log$=nucltop&blast_rank=38&RID=12XPCVPR013"",""CP102265.1"")"
"Blautia obeum strain SFAD70 chromosome, complete genome",Blautia obeum,433,433,3%,2e-114,73.16,3493109,"=HYPERLINK(""https://www.ncbi.nlm.nih.gov/nucleotide/CP176627.1?report=genbank&log$=nucltop&blast_rank=39&RID=12XPCVPR013"",""CP176627.1"")"
"Cellulosilyticum sp. WCF-2 chromosome, complete genome",Cellulosilyticum sp. WCF-2,401,401,3%,4e-105,72.85,4779774,"=HYPERLINK(""https://www.ncbi.nlm.nih.gov/nucleotide/CP034675.1?report=genbank&log$=nucltop&blast_rank=40&RID=12XPCVPR013"",""CP034675.1"")"
"Cellulosilyticum sp. ST5 chromosome, complete genome",Cellulosilyticum sp. ST5,401,401,3%,4e-105,72.82,4852633,"=HYPERLINK(""https://www.ncbi.nlm.nih.gov/nucleotide/CP132338.1?report=genbank&log$=nucltop&blast_rank=41&RID=12XPCVPR013"",""CP132338.1"")"
"uncultured Blautia sp. isolate Blautia sp. canine HQ MAG genome assembly, chromosome: 1",uncultured Blautia sp.,399,399,3%,2e-104,72.47,2435149,"=HYPERLINK(""https://www.ncbi.nlm.nih.gov/nucleotide/LR994469.1?report=genbank&log$=nucltop&blast_rank=42&RID=12XPCVPR013"",""LR994469.1"")"
"Lachnospiraceae bacterium KGMB03038 chromosome, complete genome",Lachnospiraceae bacterium KGMB03038,390,390,4%,9e-102,70.81,3334474,"=HYPERLINK(""https://www.ncbi.nlm.nih.gov/nucleotide/CP041667.1?report=genbank&log$=nucltop&blast_rank=43&RID=12XPCVPR013"",""CP041667.1"")"
"Clostridium lentocellum DSM 5427, complete genome",Cellulosilyticum lentocellum DSM 5427,385,385,3%,4e-100,72.58,4714237,"=HYPERLINK(""https://www.ncbi.nlm.nih.gov/nucleotide/CP002582.1?report=genbank&log$=nucltop&blast_rank=44&RID=12XPCVPR013"",""CP002582.1"")"
Uncultured organism clone VC1CM78TR genomic sequence,uncultured organism,250,250,2%,2e-59,72.77,840,"=HYPERLINK(""https://www.ncbi.nlm.nih.gov/nucleotide/GQ880969.1?report=genbank&log$=nucltop&blast_rank=45&RID=12XPCVPR013"",""GQ880969.1"")"
"Clostridium sp. 001 chromosome, complete genome",Clostridium sp. 001,222,222,3%,4e-51,70.01,4614182,"=HYPERLINK(""https://www.ncbi.nlm.nih.gov/nucleotide/CP020473.1?report=genbank&log$=nucltop&blast_rank=46&RID=12XPCVPR013"",""CP020473.1"")"
"Butyrivibrio proteoclasticus B316 chromosome 2, complete sequence",Butyrivibrio proteoclasticus B316,213,294,0%,2e-48,93.71,302358,"=HYPERLINK(""https://www.ncbi.nlm.nih.gov/nucleotide/CP001811.1?report=genbank&log$=nucltop&blast_rank=47&RID=12XPCVPR013"",""CP001811.1"")"
"MAG: uncultured Acidaminobacter sp. isolate 16f456b3-4aed-4148-9b34-dd28ef85fd30 genome assembly, chromosome: 1",uncultured Acidaminobacter sp.,182,182,1%,6e-39,77.33,4813539,"=HYPERLINK(""https://www.ncbi.nlm.nih.gov/nucleotide/OY787533.1?report=genbank&log$=nucltop&blast_rank=48&RID=12XPCVPR013"",""OY787533.1"")"
"Butyrivibrio sp. JL13D10 chromosome 1, complete sequence",Butyrivibrio sp. JL13D10,152,2707,1%,5e-30,90.08,3687363,"=HYPERLINK(""https://www.ncbi.nlm.nih.gov/nucleotide/CP172573.1?report=genbank&log$=nucltop&blast_rank=49&RID=12XPCVPR013"",""CP172573.1"")"
"Butyrivibrio sp. JL13D10 chromosome 2, complete sequence",Butyrivibrio sp. JL13D10,128,128,0%,8e-23,89.90,449257,"=HYPERLINK(""https://www.ncbi.nlm.nih.gov/nucleotide/CP172574.1?report=genbank&log$=nucltop&blast_rank=50&RID=12XPCVPR013"",""CP172574.1"")"
"Cetobacterium somerae ATCC BAA-474 chromosome, complete genome",Cetobacterium somerae ATCC BAA-474,115,115,0%,6e-19,77.96,1938920,"=HYPERLINK(""https://www.ncbi.nlm.nih.gov/nucleotide/CP173065.2?report=genbank&log$=nucltop&blast_rank=51&RID=12XPCVPR013"",""CP173065.2"")"
MAG: Balneolaceae bacterium isolate ih13 chromosome,Balneolaceae bacterium,110,110,0%,3e-17,78.92,3747171,"=HYPERLINK(""https://www.ncbi.nlm.nih.gov/nucleotide/CP051242.1?report=genbank&log$=nucltop&blast_rank=52&RID=12XPCVPR013"",""CP051242.1"")"
"Butyrivibrio hungatei strain MB2003 chromosome I, complete sequence",Butyrivibrio hungatei,102,102,0%,5e-15,81.97,3143784,"=HYPERLINK(""https://www.ncbi.nlm.nih.gov/nucleotide/CP017831.1?report=genbank&log$=nucltop&blast_rank=53&RID=12XPCVPR013"",""CP017831.1"")"
"Bengtsoniella intestinalis strain BP47G chromosome, complete genome",Bengtsoniella intestinalis,99.0,99.0,0%,6e-14,77.01,3827159,"=HYPERLINK(""https://www.ncbi.nlm.nih.gov/nucleotide/CP133584.1?report=genbank&log$=nucltop&blast_rank=54&RID=12XPCVPR013"",""CP133584.1"")"
"Lysinibacillus fusiformis strain 1226 chromosome, complete genome",Lysinibacillus fusiformis,87.9,87.9,0%,1e-10,82.35,4971350,"=HYPERLINK(""https://www.ncbi.nlm.nih.gov/nucleotide/CP041696.1?report=genbank&log$=nucltop&blast_rank=55&RID=12XPCVPR013"",""CP041696.1"")"
"Geosporobacter ferrireducens strain IRF9, complete sequence",Geosporobacter ferrireducens,87.9,87.9,0%,1e-10,81.25,5792634,"=HYPERLINK(""https://www.ncbi.nlm.nih.gov/nucleotide/CP017269.1?report=genbank&log$=nucltop&blast_rank=56&RID=12XPCVPR013"",""CP017269.1"")"
"Blautia wexlerae i22-0019-1F5 DNA, complete genome",Blautia wexlerae,86.1,86.1,0%,5e-10,79.51,4644539,"=HYPERLINK(""https://www.ncbi.nlm.nih.gov/nucleotide/AP031426.1?report=genbank&log$=nucltop&blast_rank=57&RID=12XPCVPR013"",""AP031426.1"")"
Blautia wexlerae strain NB2B-9-FAA chromosome,Blautia wexlerae,86.1,86.1,0%,5e-10,79.51,3984883,"=HYPERLINK(""https://www.ncbi.nlm.nih.gov/nucleotide/CP098409.1?report=genbank&log$=nucltop&blast_rank=58&RID=12XPCVPR013"",""CP098409.1"")"
"Clostridium perfringens strain Qinghai-1 chromosome, complete genome",Clostridium perfringens,86.1,86.1,0%,5e-10,78.79,3042374,"=HYPERLINK(""https://www.ncbi.nlm.nih.gov/nucleotide/CP092481.1?report=genbank&log$=nucltop&blast_rank=59&RID=12XPCVPR013"",""CP092481.1"")"
"Blautia luti JCM 17040 DNA, complete genome",Blautia luti,78.7,78.7,0%,8e-08,80.37,3741599,"=HYPERLINK(""https://www.ncbi.nlm.nih.gov/nucleotide/AP028156.1?report=genbank&log$=nucltop&blast_rank=60&RID=12XPCVPR013"",""AP028156.1"")"
"Hungatella hathewayi WAL-18680 chromosome, complete genome",Hungatella hathewayi WAL-18680,78.7,140,0%,8e-08,82.29,5662031,"=HYPERLINK(""https://www.ncbi.nlm.nih.gov/nucleotide/CP040506.1?report=genbank&log$=nucltop&blast_rank=61&RID=12XPCVPR013"",""CP040506.1"")"
"Paenibacillus sp. FSL H7-0942 chromosome, complete genome",Paenibacillus sp. FSL H7-0942,75.0,75.0,0%,1e-06,83.54,7011903,"=HYPERLINK(""https://www.ncbi.nlm.nih.gov/nucleotide/CP150279.1?report=genbank&log$=nucltop&blast_rank=62&RID=12XPCVPR013"",""CP150279.1"")"
"Paenibacillus sp. FSL P4-0176 chromosome, complete genome",Paenibacillus sp. FSL P4-0176,75.0,75.0,0%,1e-06,83.54,7284553,"=HYPERLINK(""https://www.ncbi.nlm.nih.gov/nucleotide/CP150242.1?report=genbank&log$=nucltop&blast_rank=63&RID=12XPCVPR013"",""CP150242.1"")"
"Paenibacillus sp. FSL R5-0341 chromosome, complete genome",Paenibacillus sp. FSL R5-0341,75.0,75.0,0%,1e-06,83.54,6566274,"=HYPERLINK(""https://www.ncbi.nlm.nih.gov/nucleotide/CP150241.1?report=genbank&log$=nucltop&blast_rank=64&RID=12XPCVPR013"",""CP150241.1"")"
"Paenibacillus sp. FSL R5-0486 chromosome, complete genome",Paenibacillus sp. FSL R5-0486,75.0,75.0,0%,1e-06,83.54,7235595,"=HYPERLINK(""https://www.ncbi.nlm.nih.gov/nucleotide/CP150237.1?report=genbank&log$=nucltop&blast_rank=65&RID=12XPCVPR013"",""CP150237.1"")"
"Paenibacillus sp. FSL K6-1122 chromosome, complete genome",Paenibacillus sp. FSL K6-1122,75.0,75.0,0%,1e-06,83.54,7145828,"=HYPERLINK(""https://www.ncbi.nlm.nih.gov/nucleotide/CP150272.1?report=genbank&log$=nucltop&blast_rank=66&RID=12XPCVPR013"",""CP150272.1"")"
"Paenibacillus amylolyticus strain Y5S-7 chromosome, complete genome",Paenibacillus amylolyticus,75.0,75.0,0%,1e-06,83.54,6917693,"=HYPERLINK(""https://www.ncbi.nlm.nih.gov/nucleotide/CP145892.1?report=genbank&log$=nucltop&blast_rank=67&RID=12XPCVPR013"",""CP145892.1"")"
"Blautia wexlerae DSM 19850 chromosome, complete genome",Blautia wexlerae DSM 19850,75.0,75.0,0%,1e-06,87.69,4685728,"=HYPERLINK(""https://www.ncbi.nlm.nih.gov/nucleotide/CP102267.1?report=genbank&log$=nucltop&blast_rank=68&RID=12XPCVPR013"",""CP102267.1"")"
"Paenibacillus sp. FSL H3-0457 chromosome, complete genome",Paenibacillus sp. FSL H3-0457,75.0,75.0,0%,1e-06,83.54,7007881,"=HYPERLINK(""https://www.ncbi.nlm.nih.gov/nucleotide/CP150283.1?report=genbank&log$=nucltop&blast_rank=69&RID=12XPCVPR013"",""CP150283.1"")"
"Anaerostipes rhamnosivorans strain 1y2 chromosome, complete genome",Anaerostipes rhamnosivorans,73.1,73.1,0%,4e-06,100.00,3588860,"=HYPERLINK(""https://www.ncbi.nlm.nih.gov/nucleotide/CP040058.1?report=genbank&log$=nucltop&blast_rank=70&RID=12XPCVPR013"",""CP040058.1"")"
Paenibacillus sp. P25 chromosome,Paenibacillus sp. P25,71.3,71.3,0%,1e-05,95.45,8483118,"=HYPERLINK(""https://www.ncbi.nlm.nih.gov/nucleotide/CP085629.1?report=genbank&log$=nucltop&blast_rank=71&RID=12XPCVPR013"",""CP085629.1"")"
Paenibacillus sp. P26 chromosome,Paenibacillus sp. P26,71.3,71.3,0%,1e-05,93.62,8450363,"=HYPERLINK(""https://www.ncbi.nlm.nih.gov/nucleotide/CP085630.1?report=genbank&log$=nucltop&blast_rank=72&RID=12XPCVPR013"",""CP085630.1"")"
Paenibacillus amylolyticus strain SQR-21 chromosome,Paenibacillus amylolyticus,69.4,69.4,0%,5e-05,82.28,7185334,"=HYPERLINK(""https://www.ncbi.nlm.nih.gov/nucleotide/CP107037.1?report=genbank&log$=nucltop&blast_rank=73&RID=12XPCVPR013"",""CP107037.1"")"
"Paenibacillus sp. FSL H7-0940 chromosome, complete genome",Paenibacillus sp. FSL H7-0940,67.6,67.6,0%,2e-04,90.20,7097857,"=HYPERLINK(""https://www.ncbi.nlm.nih.gov/nucleotide/CP150280.1?report=genbank&log$=nucltop&blast_rank=74&RID=12XPCVPR013"",""CP150280.1"")"
Paenibacillus konkukensis strain SK3146 chromosome,Paenibacillus konkukensis,67.6,67.6,0%,2e-04,95.24,7969064,"=HYPERLINK(""https://www.ncbi.nlm.nih.gov/nucleotide/CP027059.1?report=genbank&log$=nucltop&blast_rank=75&RID=12XPCVPR013"",""CP027059.1"")"
"Clostridium manihotivorum strain CT4 chromosome, complete genome",Clostridium manihotivorum,65.8,65.8,0%,6e-04,91.49,6364326,"=HYPERLINK(""https://www.ncbi.nlm.nih.gov/nucleotide/CP025746.1?report=genbank&log$=nucltop&blast_rank=76&RID=12XPCVPR013"",""CP025746.1"")"
"Methanolobus sp. ZRKC3 chromosome, complete genome",Methanolobus sp. ZRKC3,65.8,65.8,0%,6e-04,95.12,2749860,"=HYPERLINK(""https://www.ncbi.nlm.nih.gov/nucleotide/CP146982.1?report=genbank&log$=nucltop&blast_rank=77&RID=12XPCVPR013"",""CP146982.1"")"
"Mogibacterium pumilum strain ATCC 700696, partial genome",Mogibacterium pumilum,63.9,63.9,0%,0.002,95.00,1862768,"=HYPERLINK(""https://www.ncbi.nlm.nih.gov/nucleotide/CP016199.1?report=genbank&log$=nucltop&blast_rank=78&RID=12XPCVPR013"",""CP016199.1"")"
"Paenibacillus sp. FSL H8-0283 chromosome, complete genome",Paenibacillus sp. FSL H8-0283,63.9,63.9,0%,0.002,81.01,7089254,"=HYPERLINK(""https://www.ncbi.nlm.nih.gov/nucleotide/CP150295.1?report=genbank&log$=nucltop&blast_rank=79&RID=12XPCVPR013"",""CP150295.1"")"
"Clostridium cellulovorans 743B, complete genome",Clostridium cellulovorans 743B,63.9,63.9,0%,0.002,95.00,5262222,"=HYPERLINK(""https://www.ncbi.nlm.nih.gov/nucleotide/CP002160.1?report=genbank&log$=nucltop&blast_rank=80&RID=12XPCVPR013"",""CP002160.1"")"
"Sneathia sanguinegens strain CCUG 41628T chromosome, complete genome",Sneathia sanguinegens,63.9,63.9,0%,0.002,97.30,1305941,"=HYPERLINK(""https://www.ncbi.nlm.nih.gov/nucleotide/CP160095.1?report=genbank&log$=nucltop&blast_rank=81&RID=12XPCVPR013"",""CP160095.1"")"
"Gardnerella sp. DNF00502 chromosome, complete genome",Unknown,62.1,62.1,0%,0.008,76.23,1637201,"=HYPERLINK(""https://www.ncbi.nlm.nih.gov/nucleotide/CP058399.1?report=genbank&log$=nucltop&blast_rank=82&RID=12XPCVPR013"",""CP058399.1"")"
"MAG: Mordavella massiliensis isolate 6737_HOM_CTRL_s20.ctg000294l_hifiasm_large MAG genome assembly, chromosome: 1",Mordavella massiliensis,62.1,62.1,0%,0.008,91.30,2672647,"=HYPERLINK(""https://www.ncbi.nlm.nih.gov/nucleotide/OZ006986.1?report=genbank&log$=nucltop&blast_rank=83&RID=12XPCVPR013"",""OZ006986.1"")"
"Paenibacillus xylanexedens strain BH4 chromosome, complete genome",Paenibacillus xylanexedens,62.1,62.1,0%,0.008,88.24,7026530,"=HYPERLINK(""https://www.ncbi.nlm.nih.gov/nucleotide/CP183887.1?report=genbank&log$=nucltop&blast_rank=84&RID=12XPCVPR013"",""CP183887.1"")"
"Chlamydiaceae bacterium 14-2711_R47 genome assembly, chromosome: 14-2711_R47_omosome",Chlamydiifrater phoenicopteri,62.1,62.1,0%,0.008,87.04,1195517,"=HYPERLINK(""https://www.ncbi.nlm.nih.gov/nucleotide/LR777658.1?report=genbank&log$=nucltop&blast_rank=85&RID=12XPCVPR013"",""LR777658.1"")"



		


