Description,Scientific Name,Max Score,Total Score,Query Cover,E value,Per. ident,Acc. Len,Accession  
"MAG: Candidatus Tyloplasma litorale Fukuoka2020 DNA, complete genome",Candidatus Tyloplasma litorale,1050,1810,42%,0.0,81.39,615622,"=HYPERLINK(""https://www.ncbi.nlm.nih.gov/nucleotide/AP027078.1?report=genbank&log$=nucltop&blast_rank=1&RID=12XPCVPR013"",""AP027078.1"")"
"MAG: Candidatus Hepatoplasma vulgare Av-JP DNA, complete genome",Candidatus Hepatoplasma vulgare,854,1332,41%,0.0,79.82,662108,"=HYPERLINK(""https://www.ncbi.nlm.nih.gov/nucleotide/AP027131.1?report=genbank&log$=nucltop&blast_rank=2&RID=12XPCVPR013"",""AP027131.1"")"
"MAG: Candidatus Stammera capleta isolate 1 chromosome, complete genome",Candidatus Stammera capleta,505,505,18%,4e-137,75.40,281294,"=HYPERLINK(""https://www.ncbi.nlm.nih.gov/nucleotide/CP043983.1?report=genbank&log$=nucltop&blast_rank=3&RID=12XPCVPR013"",""CP043983.1"")"
Enterobacteriaceae endosymbiont of Neohaemonia nigricornis isolate NnigSym chromosome,Enterobacteriaceae endosymbiont of Neohaemonia nigricornis,497,497,18%,7e-135,75.60,471617,"=HYPERLINK(""https://www.ncbi.nlm.nih.gov/nucleotide/CP046222.1?report=genbank&log$=nucltop&blast_rank=4&RID=12XPCVPR013"",""CP046222.1"")"
"MAG: Candidatus Stammera capleta isolate 1 chromosome, complete genome",Candidatus Stammera capleta,494,494,18%,9e-134,75.22,283359,"=HYPERLINK(""https://www.ncbi.nlm.nih.gov/nucleotide/CP062308.1?report=genbank&log$=nucltop&blast_rank=5&RID=12XPCVPR013"",""CP062308.1"")"
Enterobacteriaceae endosymbiont of Plateumaris rustica isolate PrusSym chromosome,Enterobacteriaceae endosymbiont of Plateumaris rustica,492,492,18%,3e-133,75.28,498937,"=HYPERLINK(""https://www.ncbi.nlm.nih.gov/nucleotide/CP046228.1?report=genbank&log$=nucltop&blast_rank=6&RID=12XPCVPR013"",""CP046228.1"")"
"Candidatus Zinderia insecticola CARI, complete genome",Candidatus Zinderia insecticola CARI,488,488,19%,4e-132,74.77,208564,"=HYPERLINK(""https://www.ncbi.nlm.nih.gov/nucleotide/CP002161.1?report=genbank&log$=nucltop&blast_rank=7&RID=12XPCVPR013"",""CP002161.1"")"
Enterobacteriaceae endosymbiont of Macroplea appendiculata isolate MappSym chromosome,Enterobacteriaceae endosymbiont of Macroplea appendiculata,486,486,18%,1e-131,75.30,466349,"=HYPERLINK(""https://www.ncbi.nlm.nih.gov/nucleotide/CP046220.1?report=genbank&log$=nucltop&blast_rank=8&RID=12XPCVPR013"",""CP046220.1"")"
MAG: Candidatus Stammera capleta isolate JBPPEFJP chromosome,Candidatus Stammera capleta,483,483,18%,2e-130,75.09,291640,"=HYPERLINK(""https://www.ncbi.nlm.nih.gov/nucleotide/CP144790.1?report=genbank&log$=nucltop&blast_rank=9&RID=12XPCVPR013"",""CP144790.1"")"
MAG: Candidatus Stammera capleta isolate JMMFINPP_1 chromosome,Candidatus Stammera capleta,472,472,18%,4e-127,74.98,245200,"=HYPERLINK(""https://www.ncbi.nlm.nih.gov/nucleotide/CP145599.1?report=genbank&log$=nucltop&blast_rank=10&RID=12XPCVPR013"",""CP145599.1"")"
MAG: Candidatus Shikimatogenerans bostrichidophilus isolate TIMP chromosome,Candidatus Shikimatogenerans bostrichidophilus,470,470,19%,2e-126,74.45,193492,"=HYPERLINK(""https://www.ncbi.nlm.nih.gov/nucleotide/CP099825.1?report=genbank&log$=nucltop&blast_rank=11&RID=12XPCVPR013"",""CP099825.1"")"
MAG: Candidatus Stammera capleta isolate BLHPGBGH chromosome,Candidatus Stammera capleta,466,466,18%,2e-125,74.95,302130,"=HYPERLINK(""https://www.ncbi.nlm.nih.gov/nucleotide/CP144856.1?report=genbank&log$=nucltop&blast_rank=12&RID=12XPCVPR013"",""CP144856.1"")"
"Enterobacteriaceae endosymbiont of Macroplea mutica isolate MmutSym chromosome, complete genome",Enterobacteriaceae endosymbiont of Macroplea mutica,464,464,18%,7e-125,74.88,467736,"=HYPERLINK(""https://www.ncbi.nlm.nih.gov/nucleotide/CP046218.1?report=genbank&log$=nucltop&blast_rank=13&RID=12XPCVPR013"",""CP046218.1"")"
MAG: Candidatus Stammera capleta isolate JNFEHELC chromosome,Candidatus Stammera capleta,459,459,18%,3e-123,74.84,282761,"=HYPERLINK(""https://www.ncbi.nlm.nih.gov/nucleotide/CP144808.1?report=genbank&log$=nucltop&blast_rank=14&RID=12XPCVPR013"",""CP144808.1"")"
"Buchnera aphidicola (Ceratovacuna keduensis) strain Cerke05 chromosome, complete genome",Buchnera aphidicola (Ceratovacuna keduensis),457,457,20%,1e-122,74.11,413541,"=HYPERLINK(""https://www.ncbi.nlm.nih.gov/nucleotide/CP134994.1?report=genbank&log$=nucltop&blast_rank=15&RID=12XPCVPR013"",""CP134994.1"")"
Enterobacteriaceae endosymbiont of Plateumaris sericea isolate PserSym chromosome,Enterobacteriaceae endosymbiont of Plateumaris sericea,453,453,18%,2e-121,74.75,516927,"=HYPERLINK(""https://www.ncbi.nlm.nih.gov/nucleotide/CP046224.1?report=genbank&log$=nucltop&blast_rank=16&RID=12XPCVPR013"",""CP046224.1"")"
Enterobacteriaceae endosymbiont of Donacia proxima isolate DproxSym chromosome,Enterobacteriaceae endosymbiont of Donacia proxima,449,449,18%,2e-120,74.65,458077,"=HYPERLINK(""https://www.ncbi.nlm.nih.gov/nucleotide/CP046198.1?report=genbank&log$=nucltop&blast_rank=17&RID=12XPCVPR013"",""CP046198.1"")"
"Enterobacteriaceae endosymbiont of Plateumaris pusilla isolate PpusSym chromosome, complete genome",Enterobacteriaceae endosymbiont of Plateumaris pusilla,448,448,18%,7e-120,74.61,514699,"=HYPERLINK(""https://www.ncbi.nlm.nih.gov/nucleotide/CP046226.1?report=genbank&log$=nucltop&blast_rank=18&RID=12XPCVPR013"",""CP046226.1"")"
"Mycoplasma hyorhinis HUB-1, complete genome",Mesomycoplasma hyorhinis HUB-1,440,440,20%,1e-117,73.88,839615,"=HYPERLINK(""https://www.ncbi.nlm.nih.gov/nucleotide/CP002170.1?report=genbank&log$=nucltop&blast_rank=19&RID=12XPCVPR013"",""CP002170.1"")"
"Mesomycoplasma hyorhinis strain 4455N20c chromosome, complete genome",Mesomycoplasma hyorhinis,435,435,20%,5e-116,73.80,841275,"=HYPERLINK(""https://www.ncbi.nlm.nih.gov/nucleotide/CP102737.1?report=genbank&log$=nucltop&blast_rank=20&RID=12XPCVPR013"",""CP102737.1"")"
"Mesomycoplasma hyorhinis strain 4453J21c chromosome, complete genome",Mesomycoplasma hyorhinis,435,435,20%,5e-116,73.80,844388,"=HYPERLINK(""https://www.ncbi.nlm.nih.gov/nucleotide/CP102736.1?report=genbank&log$=nucltop&blast_rank=21&RID=12XPCVPR013"",""CP102736.1"")"
"Fusobacterium animalis strain SB061 chromosome, complete genome",Fusobacterium animalis,435,435,16%,5e-116,75.20,2292958,"=HYPERLINK(""https://www.ncbi.nlm.nih.gov/nucleotide/CP084070.1?report=genbank&log$=nucltop&blast_rank=22&RID=12XPCVPR013"",""CP084070.1"")"
"Fusobacterium nucleatum strain KCOM3208 chromosome, complete genome",Fusobacterium nucleatum,435,435,16%,5e-116,75.32,2107853,"=HYPERLINK(""https://www.ncbi.nlm.nih.gov/nucleotide/CP077132.1?report=genbank&log$=nucltop&blast_rank=23&RID=12XPCVPR013"",""CP077132.1"")"
"Fusobacterium nucleatum strain KCOM2898 chromosome, complete genome",Fusobacterium nucleatum,435,435,16%,5e-116,75.32,2108315,"=HYPERLINK(""https://www.ncbi.nlm.nih.gov/nucleotide/CP077142.1?report=genbank&log$=nucltop&blast_rank=24&RID=12XPCVPR013"",""CP077142.1"")"
"Mycoplasma hyorhinis strain NCTC10130 genome assembly, chromosome: 1",Mesomycoplasma hyorhinis,435,435,20%,5e-116,73.78,838863,"=HYPERLINK(""https://www.ncbi.nlm.nih.gov/nucleotide/LS991950.1?report=genbank&log$=nucltop&blast_rank=25&RID=12XPCVPR013"",""LS991950.1"")"
"Mycoplasma hyorhinis SK76, complete genome",Mesomycoplasma hyorhinis SK76,435,435,20%,5e-116,73.80,836897,"=HYPERLINK(""https://www.ncbi.nlm.nih.gov/nucleotide/CP003914.1?report=genbank&log$=nucltop&blast_rank=26&RID=12XPCVPR013"",""CP003914.1"")"
"Fusobacterium nucleatum strain SB032 chromosome, complete genome",Fusobacterium nucleatum,435,435,16%,5e-116,75.35,2160860,"=HYPERLINK(""https://www.ncbi.nlm.nih.gov/nucleotide/CP077182.1?report=genbank&log$=nucltop&blast_rank=27&RID=12XPCVPR013"",""CP077182.1"")"
"Fusobacterium nucleatum strain SB030 chromosome, complete genome",Fusobacterium nucleatum,435,435,16%,5e-116,75.35,1909786,"=HYPERLINK(""https://www.ncbi.nlm.nih.gov/nucleotide/CP077184.1?report=genbank&log$=nucltop&blast_rank=28&RID=12XPCVPR013"",""CP077184.1"")"
"Fusobacterium animalis strain KCOM1325 chromosome, complete genome",Fusobacterium animalis,435,435,16%,5e-116,75.20,2315884,"=HYPERLINK(""https://www.ncbi.nlm.nih.gov/nucleotide/CP084163.1?report=genbank&log$=nucltop&blast_rank=29&RID=12XPCVPR013"",""CP084163.1"")"
"Mesomycoplasma hyorhinis strain 4236J19c chromosome, complete genome",Mesomycoplasma hyorhinis,435,435,20%,5e-116,73.80,866962,"=HYPERLINK(""https://www.ncbi.nlm.nih.gov/nucleotide/CP102735.1?report=genbank&log$=nucltop&blast_rank=30&RID=12XPCVPR013"",""CP102735.1"")"
"Fusobacterium nucleatum strain KCOM3363 chromosome, complete genome",Fusobacterium nucleatum,435,435,16%,5e-116,75.35,2146718,"=HYPERLINK(""https://www.ncbi.nlm.nih.gov/nucleotide/CP084135.1?report=genbank&log$=nucltop&blast_rank=31&RID=12XPCVPR013"",""CP084135.1"")"
"Fusobacterium nucleatum strain KCOM3164 chromosome, complete genome",Fusobacterium nucleatum,435,435,16%,5e-116,75.32,2142942,"=HYPERLINK(""https://www.ncbi.nlm.nih.gov/nucleotide/CP077134.1?report=genbank&log$=nucltop&blast_rank=32&RID=12XPCVPR013"",""CP077134.1"")"
"Fusobacterium animalis strain KCOM 1325 chromosome, complete genome",Fusobacterium animalis,435,435,16%,5e-116,75.20,2310804,"=HYPERLINK(""https://www.ncbi.nlm.nih.gov/nucleotide/CP012715.1?report=genbank&log$=nucltop&blast_rank=33&RID=12XPCVPR013"",""CP012715.1"")"
"Fusobacterium animalis strain SB003 chromosome, complete genome",Fusobacterium animalis,435,435,16%,5e-116,75.20,2286272,"=HYPERLINK(""https://www.ncbi.nlm.nih.gov/nucleotide/CP056022.1?report=genbank&log$=nucltop&blast_rank=34&RID=12XPCVPR013"",""CP056022.1"")"
"Fusobacterium animalis strain SB052 chromosome, complete genome",Fusobacterium animalis,435,435,16%,5e-116,75.20,2328368,"=HYPERLINK(""https://www.ncbi.nlm.nih.gov/nucleotide/CP084079.1?report=genbank&log$=nucltop&blast_rank=35&RID=12XPCVPR013"",""CP084079.1"")"
"Mycoplasma hyorhinis GDL-1, complete genome",Mesomycoplasma hyorhinis GDL-1,435,435,20%,5e-116,73.80,837480,"=HYPERLINK(""https://www.ncbi.nlm.nih.gov/nucleotide/CP003231.1?report=genbank&log$=nucltop&blast_rank=36&RID=12XPCVPR013"",""CP003231.1"")"
"Mycoplasma hyorhinis strain NCTC10121 genome assembly, plasmid: 3",Mesomycoplasma hyorhinis,435,435,20%,5e-116,73.80,843827,"=HYPERLINK(""https://www.ncbi.nlm.nih.gov/nucleotide/LR214949.1?report=genbank&log$=nucltop&blast_rank=37&RID=12XPCVPR013"",""LR214949.1"")"
"Mesomycoplasma hyorhinis strain IMT49388 chromosome, complete genome",Mesomycoplasma hyorhinis,435,435,20%,5e-116,73.78,839538,"=HYPERLINK(""https://www.ncbi.nlm.nih.gov/nucleotide/CP064323.1?report=genbank&log$=nucltop&blast_rank=38&RID=12XPCVPR013"",""CP064323.1"")"
"Fusobacterium animalis strain SB062 chromosome, complete genome",Fusobacterium animalis,435,435,16%,5e-116,75.20,2291394,"=HYPERLINK(""https://www.ncbi.nlm.nih.gov/nucleotide/CP084069.1?report=genbank&log$=nucltop&blast_rank=39&RID=12XPCVPR013"",""CP084069.1"")"
"Mesomycoplasma hyorhinis strain N36N21c chromosome, complete genome",Mesomycoplasma hyorhinis,435,435,20%,5e-116,73.80,848311,"=HYPERLINK(""https://www.ncbi.nlm.nih.gov/nucleotide/CP102738.1?report=genbank&log$=nucltop&blast_rank=40&RID=12XPCVPR013"",""CP102738.1"")"
"Mesomycoplasma hyorhinis strain JF5820 chromosome, complete genome",Mesomycoplasma hyorhinis,435,435,20%,5e-116,73.80,852181,"=HYPERLINK(""https://www.ncbi.nlm.nih.gov/nucleotide/CP035041.1?report=genbank&log$=nucltop&blast_rank=41&RID=12XPCVPR013"",""CP035041.1"")"
"Fusobacterium animalis strain KCOM2763 chromosome, complete genome",Fusobacterium animalis,433,433,16%,2e-115,75.07,2322909,"=HYPERLINK(""https://www.ncbi.nlm.nih.gov/nucleotide/CP077145.1?report=genbank&log$=nucltop&blast_rank=42&RID=12XPCVPR013"",""CP077145.1"")"
"Fusobacterium animalis strain SB027 chromosome, complete genome",Fusobacterium animalis,433,433,16%,2e-115,75.07,2188068,"=HYPERLINK(""https://www.ncbi.nlm.nih.gov/nucleotide/CP077189.1?report=genbank&log$=nucltop&blast_rank=43&RID=12XPCVPR013"",""CP077189.1"")"
"Fusobacterium animalis strain KCOM2538 chromosome, complete genome",Fusobacterium animalis,433,433,16%,2e-115,75.07,2336223,"=HYPERLINK(""https://www.ncbi.nlm.nih.gov/nucleotide/CP084153.1?report=genbank&log$=nucltop&blast_rank=44&RID=12XPCVPR013"",""CP084153.1"")"
"Fusobacterium animalis strain KCOM2860 chromosome, complete genome",Fusobacterium animalis,433,433,16%,2e-115,75.07,2223019,"=HYPERLINK(""https://www.ncbi.nlm.nih.gov/nucleotide/CP084150.1?report=genbank&log$=nucltop&blast_rank=45&RID=12XPCVPR013"",""CP084150.1"")"
"Fusobacterium animalis strain SB063 chromosome, complete genome",Fusobacterium animalis,433,433,16%,2e-115,75.07,2187441,"=HYPERLINK(""https://www.ncbi.nlm.nih.gov/nucleotide/CP084064.1?report=genbank&log$=nucltop&blast_rank=46&RID=12XPCVPR013"",""CP084064.1"")"
"Fusobacterium nucleatum subsp. animalis 7_1, complete genome",Fusobacterium animalis 7_1,433,433,16%,2e-115,75.07,2507720,"=HYPERLINK(""https://www.ncbi.nlm.nih.gov/nucleotide/CP007062.1?report=genbank&log$=nucltop&blast_rank=47&RID=12XPCVPR013"",""CP007062.1"")"
"Fusobacterium animalis strain SB012 chromosome, complete genome",Fusobacterium animalis,433,433,16%,2e-115,75.07,2453952,"=HYPERLINK(""https://www.ncbi.nlm.nih.gov/nucleotide/CP056010.1?report=genbank&log$=nucltop&blast_rank=48&RID=12XPCVPR013"",""CP056010.1"")"
"Fusobacterium animalis strain SB058 chromosome, complete genome",Fusobacterium animalis,433,433,16%,2e-115,75.07,2489800,"=HYPERLINK(""https://www.ncbi.nlm.nih.gov/nucleotide/CP084072.1?report=genbank&log$=nucltop&blast_rank=49&RID=12XPCVPR013"",""CP084072.1"")"
"Fusobacterium animalis strain KCOM2765 chromosome, complete genome",Fusobacterium animalis,433,433,16%,2e-115,75.07,2430285,"=HYPERLINK(""https://www.ncbi.nlm.nih.gov/nucleotide/CP084151.1?report=genbank&log$=nucltop&blast_rank=50&RID=12XPCVPR013"",""CP084151.1"")"
"Fusobacterium animalis strain SB008 chromosome, complete genome",Fusobacterium animalis,433,433,16%,2e-115,75.07,2341829,"=HYPERLINK(""https://www.ncbi.nlm.nih.gov/nucleotide/CP084062.1?report=genbank&log$=nucltop&blast_rank=51&RID=12XPCVPR013"",""CP084062.1"")"
"Fusobacterium animalis strain SB018 chromosome, complete genome",Fusobacterium animalis,433,433,16%,2e-115,75.07,2209938,"=HYPERLINK(""https://www.ncbi.nlm.nih.gov/nucleotide/CP056003.1?report=genbank&log$=nucltop&blast_rank=52&RID=12XPCVPR013"",""CP056003.1"")"
"Fusobacterium animalis strain SB025 chromosome, complete genome",Fusobacterium animalis,433,433,16%,2e-115,75.07,2222684,"=HYPERLINK(""https://www.ncbi.nlm.nih.gov/nucleotide/CP077191.1?report=genbank&log$=nucltop&blast_rank=53&RID=12XPCVPR013"",""CP077191.1"")"
"Fusobacterium animalis strain KCOM3645 chromosome, complete genome",Fusobacterium animalis,433,433,16%,2e-115,75.07,2413802,"=HYPERLINK(""https://www.ncbi.nlm.nih.gov/nucleotide/CP084134.1?report=genbank&log$=nucltop&blast_rank=54&RID=12XPCVPR013"",""CP084134.1"")"
"Fusobacterium animalis strain SB033 chromosome, complete genome",Fusobacterium animalis,433,433,16%,2e-115,75.07,2397821,"=HYPERLINK(""https://www.ncbi.nlm.nih.gov/nucleotide/CP077181.1?report=genbank&log$=nucltop&blast_rank=55&RID=12XPCVPR013"",""CP077181.1"")"
"Fusobacterium animalis strain SB020 chromosome, complete genome",Fusobacterium animalis,433,433,16%,2e-115,75.07,2504786,"=HYPERLINK(""https://www.ncbi.nlm.nih.gov/nucleotide/CP056001.1?report=genbank&log$=nucltop&blast_rank=56&RID=12XPCVPR013"",""CP056001.1"")"
"Fusobacterium animalis strain ChDC F332 chromosome, complete genome",Fusobacterium animalis,433,433,16%,2e-115,75.07,2322902,"=HYPERLINK(""https://www.ncbi.nlm.nih.gov/nucleotide/CP022124.1?report=genbank&log$=nucltop&blast_rank=57&RID=12XPCVPR013"",""CP022124.1"")"
"Fusobacterium animalis strain CTI-3 chromosome, complete genome",Fusobacterium animalis,433,433,16%,2e-115,75.07,2215450,"=HYPERLINK(""https://www.ncbi.nlm.nih.gov/nucleotide/CP159326.1?report=genbank&log$=nucltop&blast_rank=58&RID=12XPCVPR013"",""CP159326.1"")"
"Fusobacterium animalis strain SB050 chromosome, complete genome",Fusobacterium animalis,433,433,16%,2e-115,75.07,2341805,"=HYPERLINK(""https://www.ncbi.nlm.nih.gov/nucleotide/CP077163.1?report=genbank&log$=nucltop&blast_rank=59&RID=12XPCVPR013"",""CP077163.1"")"
"Fusobacterium animalis strain CTI-1 chromosome, complete genome",Fusobacterium animalis,433,433,16%,2e-115,75.07,2421944,"=HYPERLINK(""https://www.ncbi.nlm.nih.gov/nucleotide/CP159322.1?report=genbank&log$=nucltop&blast_rank=60&RID=12XPCVPR013"",""CP159322.1"")"
"Fusobacterium animalis strain KCOM2952 chromosome, complete genome",Fusobacterium animalis,429,429,16%,3e-114,75.08,2295030,"=HYPERLINK(""https://www.ncbi.nlm.nih.gov/nucleotide/CP084144.1?report=genbank&log$=nucltop&blast_rank=61&RID=12XPCVPR013"",""CP084144.1"")"
"Fusobacterium animalis strain SB056 chromosome, complete genome",Fusobacterium animalis,429,429,16%,3e-114,75.10,2134784,"=HYPERLINK(""https://www.ncbi.nlm.nih.gov/nucleotide/CP084073.1?report=genbank&log$=nucltop&blast_rank=62&RID=12XPCVPR013"",""CP084073.1"")"
"Fusobacterium watanabei isolate CCUG74246T genome assembly, chromosome: CCUG74246",Fusobacterium watanabei,429,429,16%,3e-114,75.25,1981216,"=HYPERLINK(""https://www.ncbi.nlm.nih.gov/nucleotide/OZ221964.1?report=genbank&log$=nucltop&blast_rank=63&RID=12XPCVPR013"",""OZ221964.1"")"
"Fusobacterium nucleatum strain KCOM3205 chromosome, complete genome",Fusobacterium nucleatum,429,429,16%,3e-114,75.22,2148184,"=HYPERLINK(""https://www.ncbi.nlm.nih.gov/nucleotide/CP077133.1?report=genbank&log$=nucltop&blast_rank=64&RID=12XPCVPR013"",""CP077133.1"")"
"Fusobacterium nucleatum strain KCOM3182 chromosome, complete genome",Fusobacterium nucleatum,429,429,16%,3e-114,75.25,2038899,"=HYPERLINK(""https://www.ncbi.nlm.nih.gov/nucleotide/CP084124.1?report=genbank&log$=nucltop&blast_rank=65&RID=12XPCVPR013"",""CP084124.1"")"
"Fusobacterium nucleatum strain KCOM3412 chromosome, complete genome",Fusobacterium nucleatum,429,429,16%,3e-114,75.22,2041485,"=HYPERLINK(""https://www.ncbi.nlm.nih.gov/nucleotide/CP084122.1?report=genbank&log$=nucltop&blast_rank=66&RID=12XPCVPR013"",""CP084122.1"")"
"Mycoplasma hyorhinis DBS 1050, complete genome",Mesomycoplasma hyorhinis DBS 1050,429,429,20%,3e-114,73.72,837447,"=HYPERLINK(""https://www.ncbi.nlm.nih.gov/nucleotide/CP006849.1?report=genbank&log$=nucltop&blast_rank=67&RID=12XPCVPR013"",""CP006849.1"")"
"Fusobacterium nucleatum strain KCOM3714 chromosome, complete genome",Fusobacterium nucleatum,429,429,16%,3e-114,75.22,2104048,"=HYPERLINK(""https://www.ncbi.nlm.nih.gov/nucleotide/CP077125.1?report=genbank&log$=nucltop&blast_rank=68&RID=12XPCVPR013"",""CP077125.1"")"
"Fusobacterium nucleatum strain KCOM3187 chromosome, complete genome",Fusobacterium nucleatum,429,429,16%,3e-114,75.25,2188487,"=HYPERLINK(""https://www.ncbi.nlm.nih.gov/nucleotide/CP084140.1?report=genbank&log$=nucltop&blast_rank=69&RID=12XPCVPR013"",""CP084140.1"")"
"Fusobacterium nucleatum strain KCOM2847 chromosome, complete genome",Fusobacterium nucleatum,429,429,16%,3e-114,75.25,2037865,"=HYPERLINK(""https://www.ncbi.nlm.nih.gov/nucleotide/CP077144.1?report=genbank&log$=nucltop&blast_rank=70&RID=12XPCVPR013"",""CP077144.1"")"
"Fusobacterium animalis strain THCT6B3 chromosome, complete genome",Fusobacterium animalis,429,429,16%,3e-114,75.10,2268559,"=HYPERLINK(""https://www.ncbi.nlm.nih.gov/nucleotide/CP071098.1?report=genbank&log$=nucltop&blast_rank=71&RID=12XPCVPR013"",""CP071098.1"")"
"Fusobacterium nucleatum strain KCOM3457 chromosome, complete genome",Fusobacterium nucleatum,429,429,16%,3e-114,75.22,2060938,"=HYPERLINK(""https://www.ncbi.nlm.nih.gov/nucleotide/CP077128.1?report=genbank&log$=nucltop&blast_rank=72&RID=12XPCVPR013"",""CP077128.1"")"
"Fusobacterium nucleatum strain KCOM3764 chromosome, complete genome",Fusobacterium nucleatum,429,429,16%,3e-114,75.22,2211312,"=HYPERLINK(""https://www.ncbi.nlm.nih.gov/nucleotide/CP077123.1?report=genbank&log$=nucltop&blast_rank=73&RID=12XPCVPR013"",""CP077123.1"")"
"Fusobacterium nucleatum strain KCOM3685 chromosome, complete genome",Fusobacterium nucleatum,429,429,16%,3e-114,75.25,2052412,"=HYPERLINK(""https://www.ncbi.nlm.nih.gov/nucleotide/CP077126.1?report=genbank&log$=nucltop&blast_rank=74&RID=12XPCVPR013"",""CP077126.1"")"
"Fusobacterium animalis strain SB041 chromosome, complete genome",Fusobacterium animalis,429,429,16%,3e-114,75.08,2239416,"=HYPERLINK(""https://www.ncbi.nlm.nih.gov/nucleotide/CP077173.1?report=genbank&log$=nucltop&blast_rank=75&RID=12XPCVPR013"",""CP077173.1"")"
"Fusobacterium nucleatum strain KCOM2907 chromosome, complete genome",Fusobacterium nucleatum,429,429,16%,3e-114,75.22,2080509,"=HYPERLINK(""https://www.ncbi.nlm.nih.gov/nucleotide/CP077140.1?report=genbank&log$=nucltop&blast_rank=76&RID=12XPCVPR013"",""CP077140.1"")"
"Fusobacterium nucleatum strain KCOM3154 chromosome, complete genome",Fusobacterium nucleatum,429,429,16%,3e-114,75.25,2065444,"=HYPERLINK(""https://www.ncbi.nlm.nih.gov/nucleotide/CP077135.1?report=genbank&log$=nucltop&blast_rank=77&RID=12XPCVPR013"",""CP077135.1"")"
"Fusobacterium animalis strain SB060 chromosome, complete genome",Fusobacterium animalis,429,429,16%,3e-114,75.08,2142132,"=HYPERLINK(""https://www.ncbi.nlm.nih.gov/nucleotide/CP084071.1?report=genbank&log$=nucltop&blast_rank=78&RID=12XPCVPR013"",""CP084071.1"")"
"Fusobacterium nucleatum strain KCOM2013 chromosome, complete genome",Fusobacterium nucleatum,429,429,16%,3e-114,75.22,2055381,"=HYPERLINK(""https://www.ncbi.nlm.nih.gov/nucleotide/CP077149.1?report=genbank&log$=nucltop&blast_rank=79&RID=12XPCVPR013"",""CP077149.1"")"
"Fusobacterium animalis 4_8 chromosome, complete genome",Fusobacterium animalis 4_8,429,429,16%,3e-114,75.08,2261267,"=HYPERLINK(""https://www.ncbi.nlm.nih.gov/nucleotide/CP003723.1?report=genbank&log$=nucltop&blast_rank=80&RID=12XPCVPR013"",""CP003723.1"")"
"Fusobacterium animalis strain SB010 chromosome, complete genome",Fusobacterium animalis,429,429,16%,3e-114,75.08,2264321,"=HYPERLINK(""https://www.ncbi.nlm.nih.gov/nucleotide/CP056015.1?report=genbank&log$=nucltop&blast_rank=81&RID=12XPCVPR013"",""CP056015.1"")"
"Fusobacterium nucleatum strain KCOM3758 chromosome, complete genome",Fusobacterium nucleatum,429,429,16%,3e-114,75.22,2089824,"=HYPERLINK(""https://www.ncbi.nlm.nih.gov/nucleotide/CP084130.1?report=genbank&log$=nucltop&blast_rank=82&RID=12XPCVPR013"",""CP084130.1"")"
"Fusobacterium nucleatum strain KCOM3503 chromosome, complete genome",Fusobacterium nucleatum,429,429,16%,3e-114,75.22,2147387,"=HYPERLINK(""https://www.ncbi.nlm.nih.gov/nucleotide/CP077127.1?report=genbank&log$=nucltop&blast_rank=83&RID=12XPCVPR013"",""CP077127.1"")"
"Mesomycoplasma hyorhinis strain MDBK-IPV, complete genome",Mesomycoplasma hyorhinis,429,429,20%,3e-114,73.72,837377,"=HYPERLINK(""https://www.ncbi.nlm.nih.gov/nucleotide/CP016817.1?report=genbank&log$=nucltop&blast_rank=84&RID=12XPCVPR013"",""CP016817.1"")"
"Fusobacterium animalis strain KCOM1280 chromosome, complete genome",Fusobacterium animalis,429,429,16%,3e-114,75.08,2657636,"=HYPERLINK(""https://www.ncbi.nlm.nih.gov/nucleotide/CP077150.1?report=genbank&log$=nucltop&blast_rank=85&RID=12XPCVPR013"",""CP077150.1"")"
"Fusobacterium nucleatum strain 2/1/50A chromosome, complete genome",Fusobacterium nucleatum,427,427,16%,9e-114,75.00,2448186,"=HYPERLINK(""https://www.ncbi.nlm.nih.gov/nucleotide/CP117964.1?report=genbank&log$=nucltop&blast_rank=86&RID=12XPCVPR013"",""CP117964.1"")"
"Fusobacterium animalis strain SB031 chromosome, complete genome",Fusobacterium animalis,427,427,16%,9e-114,74.98,2432266,"=HYPERLINK(""https://www.ncbi.nlm.nih.gov/nucleotide/CP077183.1?report=genbank&log$=nucltop&blast_rank=87&RID=12XPCVPR013"",""CP077183.1"")"
"Fusobacterium animalis strain SB029 chromosome, complete genome",Fusobacterium animalis,427,427,16%,9e-114,74.98,2214101,"=HYPERLINK(""https://www.ncbi.nlm.nih.gov/nucleotide/CP077185.1?report=genbank&log$=nucltop&blast_rank=88&RID=12XPCVPR013"",""CP077185.1"")"
"Fusobacterium animalis strain KCOM3367 chromosome, complete genome",Fusobacterium animalis,427,427,16%,9e-114,74.98,2311668,"=HYPERLINK(""https://www.ncbi.nlm.nih.gov/nucleotide/CP077130.1?report=genbank&log$=nucltop&blast_rank=89&RID=12XPCVPR013"",""CP077130.1"")"
"Fusobacterium animalis strain SB043 chromosome, complete genome",Fusobacterium animalis,427,427,16%,9e-114,74.98,2558877,"=HYPERLINK(""https://www.ncbi.nlm.nih.gov/nucleotide/CP077171.1?report=genbank&log$=nucltop&blast_rank=90&RID=12XPCVPR013"",""CP077171.1"")"
"Fusobacterium animalis strain KCOM3229 chromosome, complete genome",Fusobacterium animalis,424,424,16%,1e-112,74.97,2460084,"=HYPERLINK(""https://www.ncbi.nlm.nih.gov/nucleotide/CP084138.1?report=genbank&log$=nucltop&blast_rank=91&RID=12XPCVPR013"",""CP084138.1"")"
"Fusobacterium animalis strain SB053 chromosome, complete genome",Fusobacterium animalis,424,424,16%,1e-112,75.00,2427097,"=HYPERLINK(""https://www.ncbi.nlm.nih.gov/nucleotide/CP084078.1?report=genbank&log$=nucltop&blast_rank=92&RID=12XPCVPR013"",""CP084078.1"")"
"Fusobacterium animalis strain SB045 chromosome, complete genome",Fusobacterium animalis,424,424,16%,1e-112,74.97,2388224,"=HYPERLINK(""https://www.ncbi.nlm.nih.gov/nucleotide/CP077169.1?report=genbank&log$=nucltop&blast_rank=93&RID=12XPCVPR013"",""CP077169.1"")"
"Mycoplasma hyorhinis MCLD, complete genome",Mesomycoplasma hyorhinis MCLD,424,424,20%,1e-112,73.64,829709,"=HYPERLINK(""https://www.ncbi.nlm.nih.gov/nucleotide/CP002669.1?report=genbank&log$=nucltop&blast_rank=94&RID=12XPCVPR013"",""CP002669.1"")"
"Fusobacterium animalis strain SB001 chromosome, complete genome",Fusobacterium animalis,424,424,16%,1e-112,75.00,2424816,"=HYPERLINK(""https://www.ncbi.nlm.nih.gov/nucleotide/CP056024.1?report=genbank&log$=nucltop&blast_rank=95&RID=12XPCVPR013"",""CP056024.1"")"
"Fusobacterium nucleatum strain KCOM2373 chromosome, complete genome",Fusobacterium nucleatum,422,422,16%,4e-112,74.90,2532766,"=HYPERLINK(""https://www.ncbi.nlm.nih.gov/nucleotide/CP077147.1?report=genbank&log$=nucltop&blast_rank=96&RID=12XPCVPR013"",""CP077147.1"")"
"Fusobacterium animalis strain THCT5A4 chromosome, complete genome",Fusobacterium animalis,422,422,16%,4e-112,74.88,2490990,"=HYPERLINK(""https://www.ncbi.nlm.nih.gov/nucleotide/CP071099.1?report=genbank&log$=nucltop&blast_rank=97&RID=12XPCVPR013"",""CP071099.1"")"
"Fusobacterium animalis strain SB034 chromosome, complete genome",Fusobacterium animalis,418,418,16%,6e-111,74.87,2588861,"=HYPERLINK(""https://www.ncbi.nlm.nih.gov/nucleotide/CP077180.1?report=genbank&log$=nucltop&blast_rank=98&RID=12XPCVPR013"",""CP077180.1"")"
"Fusobacterium animalis strain SB026 chromosome, complete genome",Fusobacterium animalis,418,418,16%,6e-111,74.87,2438255,"=HYPERLINK(""https://www.ncbi.nlm.nih.gov/nucleotide/CP077190.1?report=genbank&log$=nucltop&blast_rank=99&RID=12XPCVPR013"",""CP077190.1"")"
"Fusobacterium animalis strain SB024 chromosome, complete genome",Fusobacterium animalis,418,418,16%,6e-111,74.90,2755977,"=HYPERLINK(""https://www.ncbi.nlm.nih.gov/nucleotide/CP077192.1?report=genbank&log$=nucltop&blast_rank=100&RID=12XPCVPR013"",""CP077192.1"")"



		


